#
# There is insufficient memory for the Java Runtime Environment to continue.
# Native memory allocation (mmap) failed to map 2097152 bytes for G1 virtual space
# Possible reasons:
#   The system is out of physical RAM or swap space
#   The process is running with CompressedOops enabled, and the Java Heap may be blocking the growth of the native heap
# Possible solutions:
#   Reduce memory load on the system
#   Increase physical memory or swap space
#   Check if swap backing store is full
#   Decrease Java heap size (-Xmx/-Xms)
#   Decrease number of Java threads
#   Decrease Java thread stack sizes (-Xss)
#   Set larger code cache with -XX:ReservedCodeCacheSize=
#   JVM is running with Zero Based Compressed Oops mode in which the Java heap is
#     placed in the first 32GB address space. The Java Heap base address is the
#     maximum limit for the native heap growth. Please use -XX:HeapBaseMinAddress
#     to set the Java Heap base and to place the Java Heap above 32GB virtual address.
# This output file may be truncated or incomplete.
#
#  Out of Memory Error (os_windows.cpp:3548), pid=22048, tid=20588
#
# JRE version: Java(TM) SE Runtime Environment (17.0.10+11) (build 17.0.10+11-LTS-240)
# Java VM: Java HotSpot(TM) 64-Bit Server VM (17.0.10+11-LTS-240, mixed mode, sharing, tiered, compressed oops, compressed class ptrs, g1 gc, windows-amd64)
# No core dump will be written. Minidumps are not enabled by default on client versions of Windows
#

---------------  S U M M A R Y ------------

Command Line: --add-opens=java.base/java.lang=ALL-UNNAMED --add-opens=java.base/java.lang.invoke=ALL-UNNAMED --add-opens=java.base/java.util=ALL-UNNAMED --add-opens=java.prefs/java.util.prefs=ALL-UNNAMED --add-exports=jdk.compiler/com.sun.tools.javac.api=ALL-UNNAMED --add-exports=jdk.compiler/com.sun.tools.javac.util=ALL-UNNAMED --add-opens=java.base/java.util=ALL-UNNAMED --add-opens=java.prefs/java.util.prefs=ALL-UNNAMED --add-opens=java.base/java.nio.charset=ALL-UNNAMED --add-opens=java.base/java.net=ALL-UNNAMED --add-opens=java.base/java.util.concurrent.atomic=ALL-UNNAMED --add-opens=java.xml/javax.xml.namespace=ALL-UNNAMED -XX:MaxMetaspaceSize=512m -XX:+HeapDumpOnOutOfMemoryError -Xmx4096m -Dfile.encoding=windows-1252 -Duser.country=US -Duser.language=en -Duser.variant -javaagent:C:\Users\lam01\.gradle\wrapper\dists\gradle-8.13-bin\5xuhj0ry160q40clulazy9h7d\gradle-8.13\lib\agents\gradle-instrumentation-agent-8.13.jar org.gradle.launcher.daemon.bootstrap.GradleDaemon 8.13

Host: Intel(R) Core(TM) i7-8565U CPU @ 1.80GHz, 8 cores, 15G,  Windows 11 , 64 bit Build 26100 (10.0.26100.9168)
Time: Tue Aug 25 10:55:47 2026 SE Asia Standard Time elapsed time: 48.055544 seconds (0d 0h 0m 48s)

---------------  T H R E A D  ---------------

Current thread (0x000001d2fe431700):  JavaThread "Unconstrained build operations Thread 72" [_thread_in_vm, id=20588, stack(0x0000006e93c00000,0x0000006e93d00000)]

Stack: [0x0000006e93c00000,0x0000006e93d00000]
Native frames: (J=compiled Java code, j=interpreted, Vv=VM code, C=native code)
V  [jvm.dll+0x677a5a]
V  [jvm.dll+0x7d8b2d]
V  [jvm.dll+0x7da48e]
V  [jvm.dll+0x7daaf3]
V  [jvm.dll+0x2455ff]
V  [jvm.dll+0x6749b9]
V  [jvm.dll+0x669382]
V  [jvm.dll+0x302e96]
V  [jvm.dll+0x30a416]
V  [jvm.dll+0x35999b]
V  [jvm.dll+0x359fd4]
V  [jvm.dll+0x359b86]
V  [jvm.dll+0x2da3d4]
V  [jvm.dll+0x2d6426]
V  [jvm.dll+0x60c693]
V  [jvm.dll+0x20f685]
V  [jvm.dll+0x7a2a36]
V  [jvm.dll+0x6d3cb1]
C  0x000001d2e9ad062d

Java frames: (J=compiled Java code, j=interpreted, Vv=VM code)
v  ~RuntimeStub::_new_array_nozero_Java
J 16117 c2 com.android.tools.build.jetifier.processor.archive.Archive$Builder.extractFile(Ljava/util/zip/ZipInputStream;Ljava/nio/file/Path;Ljava/nio/file/attribute/FileTime;)Lcom/android/tools/build/jetifier/processor/archive/ArchiveFile; (39 bytes) @ 0x000001d2ea9d7ce0 [0x000001d2ea9d73e0+0x0000000000000900]
j  com.android.tools.build.jetifier.processor.archive.Archive$Builder.extractArchive(Ljava/io/InputStream;Ljava/nio/file/Path;ZLjava/nio/file/attribute/FileTime;)Lcom/android/tools/build/jetifier/processor/archive/Archive;+144
j  com.android.tools.build.jetifier.processor.archive.Archive$Builder.extract(Ljava/io/File;Z)Lcom/android/tools/build/jetifier/processor/archive/Archive;+94
j  com.android.tools.build.jetifier.processor.archive.Archive$Builder.extract$default(Lcom/android/tools/build/jetifier/processor/archive/Archive$Builder;Ljava/io/File;ZILjava/lang/Object;)Lcom/android/tools/build/jetifier/processor/archive/Archive;+11
j  com.android.tools.build.jetifier.processor.Processor.loadLibraries(Ljava/lang/Iterable;)Ljava/util/Set;+98
j  com.android.tools.build.jetifier.processor.Processor.transform2(Ljava/util/Set;ZZ)Lcom/android/tools/build/jetifier/processor/TransformationResult;+372
j  com.android.build.gradle.internal.dependency.JetifyTransform.transform(Lorg/gradle/api/artifacts/transform/TransformOutputs;)V+369
j  org.gradle.api.internal.artifacts.transform.DefaultTransform.transform(Lorg/gradle/api/provider/Provider;Ljava/io/File;Lorg/gradle/api/internal/artifacts/transform/TransformDependencies;Lorg/gradle/work/InputChanges;)Lorg/gradle/api/internal/artifacts/transform/TransformExecutionResult;+42
j  org.gradle.api.internal.artifacts.transform.AbstractTransformExecution$2.call(Lorg/gradle/internal/operations/BuildOperationContext;)Lorg/gradle/api/internal/artifacts/transform/TransformExecutionResult;+96
j  org.gradle.api.internal.artifacts.transform.AbstractTransformExecution$2.call(Lorg/gradle/internal/operations/BuildOperationContext;)Ljava/lang/Object;+2
J 13787 c2 org.gradle.internal.operations.DefaultBuildOperationRunner$CallableBuildOperationWorker.execute(Lorg/gradle/internal/operations/BuildOperation;Lorg/gradle/internal/operations/BuildOperationContext;)V (10 bytes) @ 0x000001d2e9fb9790 [0x000001d2e9fb9720+0x0000000000000070]
J 11899 c2 org.gradle.internal.operations.DefaultBuildOperationRunner.execute(Lorg/gradle/internal/operations/BuildOperation;Lorg/gradle/internal/operations/BuildOperationWorker;Lorg/gradle/internal/operations/BuildOperationState;)V (23 bytes) @ 0x000001d2ea6594f0 [0x000001d2ea6577e0+0x0000000000001d10]
J 13641 c2 org.gradle.internal.operations.DefaultBuildOperationRunner.call(Lorg/gradle/internal/operations/CallableBuildOperation;)Ljava/lang/Object; (24 bytes) @ 0x000001d2ea1fffa4 [0x000001d2ea1ffec0+0x00000000000000e4]
j  org.gradle.api.internal.artifacts.transform.AbstractTransformExecution.executeWithinTransformerListener(Lorg/gradle/internal/execution/UnitOfWork$ExecutionRequest;)Lorg/gradle/internal/execution/UnitOfWork$WorkOutput;+13
j  org.gradle.api.internal.artifacts.transform.AbstractTransformExecution.execute(Lorg/gradle/internal/execution/UnitOfWork$ExecutionRequest;)Lorg/gradle/internal/execution/UnitOfWork$WorkOutput;+19
j  org.gradle.internal.execution.steps.ExecuteStep.executeInternal(Lorg/gradle/internal/execution/UnitOfWork;Lorg/gradle/internal/execution/steps/InputChangesContext;)Lorg/gradle/internal/execution/steps/Result;+16
j  org.gradle.internal.execution.steps.ExecuteStep.access$000(Lorg/gradle/internal/execution/UnitOfWork;Lorg/gradle/internal/execution/steps/InputChangesContext;)Lorg/gradle/internal/execution/steps/Result;+2
j  org.gradle.internal.execution.steps.ExecuteStep$1.call(Lorg/gradle/internal/operations/BuildOperationContext;)Lorg/gradle/internal/execution/steps/Result;+8
j  org.gradle.internal.execution.steps.ExecuteStep$1.call(Lorg/gradle/internal/operations/BuildOperationContext;)Ljava/lang/Object;+2
J 13787 c2 org.gradle.internal.operations.DefaultBuildOperationRunner$CallableBuildOperationWorker.execute(Lorg/gradle/internal/operations/BuildOperation;Lorg/gradle/internal/operations/BuildOperationContext;)V (10 bytes) @ 0x000001d2e9fb9790 [0x000001d2e9fb9720+0x0000000000000070]
J 11899 c2 org.gradle.internal.operations.DefaultBuildOperationRunner.execute(Lorg/gradle/internal/operations/BuildOperation;Lorg/gradle/internal/operations/BuildOperationWorker;Lorg/gradle/internal/operations/BuildOperationState;)V (23 bytes) @ 0x000001d2ea6594f0 [0x000001d2ea6577e0+0x0000000000001d10]
J 13641 c2 org.gradle.internal.operations.DefaultBuildOperationRunner.call(Lorg/gradle/internal/operations/CallableBuildOperation;)Ljava/lang/Object; (24 bytes) @ 0x000001d2ea1fffa4 [0x000001d2ea1ffec0+0x00000000000000e4]
j  org.gradle.internal.execution.steps.ExecuteStep.execute(Lorg/gradle/internal/execution/UnitOfWork;Lorg/gradle/internal/execution/steps/ChangingOutputsContext;)Lorg/gradle/internal/execution/steps/Result;+28
j  org.gradle.internal.execution.steps.ExecuteStep.execute(Lorg/gradle/internal/execution/UnitOfWork;Lorg/gradle/internal/execution/steps/Context;)Lorg/gradle/internal/execution/steps/Result;+6
j  org.gradle.internal.execution.steps.CancelExecutionStep.execute(Lorg/gradle/internal/execution/UnitOfWork;Lorg/gradle/internal/execution/steps/Context;)Lorg/gradle/internal/execution/steps/Result;+35
j  org.gradle.internal.execution.steps.TimeoutStep.executeWithoutTimeout(Lorg/gradle/internal/execution/UnitOfWork;Lorg/gradle/internal/execution/steps/Context;)Lorg/gradle/internal/execution/steps/Result;+6
j  org.gradle.internal.execution.steps.TimeoutStep.execute(Lorg/gradle/internal/execution/UnitOfWork;Lorg/gradle/internal/execution/steps/Context;)Lorg/gradle/internal/execution/steps/Result;+92
j  org.gradle.internal.execution.steps.PreCreateOutputParentsStep.execute(Lorg/gradle/internal/execution/UnitOfWork;Lorg/gradle/internal/execution/steps/ChangingOutputsContext;)Lorg/gradle/internal/execution/steps/Result;+24
j  org.gradle.internal.execution.steps.PreCreateOutputParentsStep.execute(Lorg/gradle/internal/execution/UnitOfWork;Lorg/gradle/internal/execution/steps/Context;)Lorg/gradle/internal/execution/steps/Result;+6
j  org.gradle.internal.execution.steps.BroadcastChangingOutputsStep.execute(Lorg/gradle/internal/execution/UnitOfWork;Lorg/gradle/internal/execution/steps/InputChangesContext;)Lorg/gradle/internal/execution/steps/Result;+53
j  org.gradle.internal.execution.steps.BroadcastChangingOutputsStep.execute(Lorg/gradle/internal/execution/UnitOfWork;Lorg/gradle/internal/execution/steps/Context;)Lorg/gradle/internal/execution/steps/Result;+6
j  org.gradle.internal.execution.steps.NoInputChangesStep.execute(Lorg/gradle/internal/execution/UnitOfWork;Lorg/gradle/internal/execution/steps/ValidationFinishedContext;)Lorg/gradle/internal/execution/steps/Result;+23
j  org.gradle.internal.execution.steps.NoInputChangesStep.execute(Lorg/gradle/internal/execution/UnitOfWork;Lorg/gradle/internal/execution/steps/Context;)Lorg/gradle/internal/execution/steps/Result;+6
j  org.gradle.internal.execution.steps.CaptureOutputsAfterExecutionStep.execute(Lorg/gradle/internal/execution/UnitOfWork;Lorg/gradle/internal/execution/steps/WorkspaceContext;)Lorg/gradle/internal/execution/steps/AfterExecutionResult;+6
j  org.gradle.internal.execution.steps.CaptureOutputsAfterExecutionStep.execute(Lorg/gradle/internal/execution/UnitOfWork;Lorg/gradle/internal/execution/steps/Context;)Lorg/gradle/internal/execution/steps/Result;+6
j  org.gradle.internal.execution.steps.BuildCacheStep.executeWithoutCache(Lorg/gradle/internal/execution/UnitOfWork;Lorg/gradle/internal/execution/steps/WorkspaceContext;)Lorg/gradle/internal/execution/steps/AfterExecutionResult;+6
j  org.gradle.internal.execution.steps.BuildCacheStep.lambda$execute$1(Lorg/gradle/internal/execution/UnitOfWork;Lorg/gradle/internal/execution/steps/WorkspaceContext;Lorg/gradle/internal/execution/caching/CachingState$Disabled;)Lorg/gradle/internal/execution/steps/AfterExecutionResult;+3
j  org.gradle.internal.execution.steps.BuildCacheStep$$Lambda$2423+0x000001d281ff6438.apply(Ljava/lang/Object;)Ljava/lang/Object;+16
j  org.gradle.internal.Either$Right.fold(Ljava/util/function/Function;Ljava/util/function/Function;)Ljava/lang/Object;+5
j  org.gradle.internal.execution.caching.CachingState.fold(Ljava/util/function/Function;Ljava/util/function/Function;)Ljava/lang/Object;+6
j  org.gradle.internal.execution.steps.BuildCacheStep.execute(Lorg/gradle/internal/execution/UnitOfWork;Lorg/gradle/internal/execution/steps/WorkspaceContext;)Lorg/gradle/internal/execution/steps/AfterExecutionResult;+25
j  org.gradle.internal.execution.steps.BuildCacheStep.execute(Lorg/gradle/internal/execution/UnitOfWork;Lorg/gradle/internal/execution/steps/Context;)Lorg/gradle/internal/execution/steps/Result;+6
j  org.gradle.internal.execution.steps.NeverUpToDateStep.execute(Lorg/gradle/internal/execution/UnitOfWork;Lorg/gradle/internal/execution/steps/NonIncrementalCachingContext;)Lorg/gradle/internal/execution/steps/UpToDateResult;+6
j  org.gradle.internal.execution.steps.NeverUpToDateStep.execute(Lorg/gradle/internal/execution/UnitOfWork;Lorg/gradle/internal/execution/steps/Context;)Lorg/gradle/internal/execution/steps/Result;+6
j  org.gradle.internal.execution.steps.legacy.MarkSnapshottingInputsFinishedStep.execute(Lorg/gradle/internal/execution/UnitOfWork;Lorg/gradle/internal/execution/steps/CachingContext;)Lorg/gradle/internal/execution/steps/Result;+18
j  org.gradle.internal.execution.steps.legacy.MarkSnapshottingInputsFinishedStep.execute(Lorg/gradle/internal/execution/UnitOfWork;Lorg/gradle/internal/execution/steps/Context;)Lorg/gradle/internal/execution/steps/Result;+6
j  org.gradle.internal.execution.steps.ResolveNonIncrementalCachingStateStep.executeDelegate(Lorg/gradle/internal/execution/UnitOfWork;Lorg/gradle/internal/execution/steps/ValidationFinishedContext;Lorg/gradle/internal/execution/caching/CachingState;)Lorg/gradle/internal/execution/steps/UpToDateResult;+14
j  org.gradle.internal.execution.steps.AbstractResolveCachingStateStep.execute(Lorg/gradle/internal/execution/UnitOfWork;Lorg/gradle/internal/execution/steps/ValidationFinishedContext;)Lorg/gradle/internal/execution/steps/CachingResult;+51
j  org.gradle.internal.execution.steps.AbstractResolveCachingStateStep.execute(Lorg/gradle/internal/execution/UnitOfWork;Lorg/gradle/internal/execution/steps/Context;)Lorg/gradle/internal/execution/steps/Result;+6
j  org.gradle.internal.execution.steps.ValidateStep.execute(Lorg/gradle/internal/execution/UnitOfWork;Lorg/gradle/internal/execution/steps/BeforeExecutionContext;)Lorg/gradle/internal/execution/steps/Result;+255
j  org.gradle.internal.execution.steps.ValidateStep.execute(Lorg/gradle/internal/execution/UnitOfWork;Lorg/gradle/internal/execution/steps/Context;)Lorg/gradle/internal/execution/steps/Result;+6
j  org.gradle.internal.execution.steps.AbstractCaptureStateBeforeExecutionStep.execute(Lorg/gradle/internal/execution/UnitOfWork;Lorg/gradle/internal/execution/steps/PreviousExecutionContext;)Lorg/gradle/internal/execution/steps/CachingResult;+32
j  org.gradle.internal.execution.steps.AbstractCaptureStateBeforeExecutionStep.execute(Lorg/gradle/internal/execution/UnitOfWork;Lorg/gradle/internal/execution/steps/Context;)Lorg/gradle/internal/execution/steps/Result;+6
j  org.gradle.internal.execution.steps.legacy.MarkSnapshottingInputsStartedStep.execute(Lorg/gradle/internal/execution/UnitOfWork;Lorg/gradle/internal/execution/steps/Context;)Lorg/gradle/internal/execution/steps/Result;+12
j  org.gradle.internal.execution.steps.AssignImmutableWorkspaceStep.lambda$executeInTemporaryWorkspace$3(Lorg/gradle/internal/execution/steps/IdentityContext;Lorg/gradle/internal/execution/UnitOfWork;Lorg/gradle/internal/execution/workspace/ImmutableWorkspaceProvider$ImmutableWorkspace;Ljava/io/File;)Lorg/gradle/internal/execution/steps/WorkspaceResult;+50
j  org.gradle.internal.execution.steps.AssignImmutableWorkspaceStep$$Lambda$2414+0x000001d281ff2328.executeInTemporaryWorkspace(Ljava/io/File;)Ljava/lang/Object;+17
j  org.gradle.internal.execution.workspace.impl.CacheBasedImmutableWorkspaceProvider$1.withTemporaryWorkspace(Lorg/gradle/internal/execution/workspace/ImmutableWorkspaceProvider$ImmutableWorkspace$TemporaryWorkspaceAction;)Ljava/lang/Object;+47
j  org.gradle.internal.execution.steps.AssignImmutableWorkspaceStep.executeInTemporaryWorkspace(Lorg/gradle/internal/execution/UnitOfWork;Lorg/gradle/internal/execution/steps/IdentityContext;Lorg/gradle/internal/execution/workspace/ImmutableWorkspaceProvider$ImmutableWorkspace;)Lorg/gradle/internal/execution/steps/WorkspaceResult;+10
j  org.gradle.internal.execution.steps.AssignImmutableWorkspaceStep.lambda$execute$0(Lorg/gradle/internal/execution/UnitOfWork;Lorg/gradle/internal/execution/steps/IdentityContext;Lorg/gradle/internal/execution/workspace/ImmutableWorkspaceProvider$ImmutableWorkspace;)Lorg/gradle/internal/execution/steps/WorkspaceResult;+4
j  org.gradle.internal.execution.steps.AssignImmutableWorkspaceStep$$Lambda$509+0x000001d281456fd0.get()Ljava/lang/Object;+16
J 10885 c1 org.gradle.internal.execution.steps.AssignImmutableWorkspaceStep.execute(Lorg/gradle/internal/execution/UnitOfWork;Lorg/gradle/internal/execution/steps/IdentityContext;)Lorg/gradle/internal/execution/steps/WorkspaceResult; (55 bytes) @ 0x000001d2e3813dac [0x000001d2e3813400+0x00000000000009ac]
J 9691 c1 org.gradle.internal.execution.steps.AssignImmutableWorkspaceStep.execute(Lorg/gradle/internal/execution/UnitOfWork;Lorg/gradle/internal/execution/steps/Context;)Lorg/gradle/internal/execution/steps/Result; (10 bytes) @ 0x000001d2e358cd34 [0x000001d2e358cbc0+0x0000000000000174]
J 10993 c1 org.gradle.internal.execution.steps.ChoosePipelineStep.execute(Lorg/gradle/internal/execution/UnitOfWork;Lorg/gradle/internal/execution/steps/IdentityContext;)Lorg/gradle/internal/execution/steps/Result; (71 bytes) @ 0x000001d2e3854334 [0x000001d2e3853a20+0x0000000000000914]
J 10850 c1 org.gradle.internal.execution.steps.ChoosePipelineStep.execute(Lorg/gradle/internal/execution/UnitOfWork;Lorg/gradle/internal/execution/steps/Context;)Lorg/gradle/internal/execution/steps/Result; (10 bytes) @ 0x000001d2e3804b34 [0x000001d2e38049c0+0x0000000000000174]
J 10492 c1 org.gradle.internal.execution.steps.ExecuteWorkBuildOperationFiringStep.lambda$execute$0(Lorg/gradle/internal/execution/UnitOfWork;Lorg/gradle/internal/execution/steps/IdentityContext;Lorg/gradle/internal/operations/BuildOperationContext;)Lorg/gradle/internal/execution/steps/CachingResult; (78 bytes) @ 0x000001d2e3732d74 [0x000001d2e3732c60+0x0000000000000114]
J 10491 c1 org.gradle.internal.execution.steps.ExecuteWorkBuildOperationFiringStep$$Lambda$935+0x000001d281659400.apply(Ljava/lang/Object;)Ljava/lang/Object; (20 bytes) @ 0x000001d2e37327e4 [0x000001d2e3732640+0x00000000000001a4]
J 6250 c1 org.gradle.internal.execution.steps.BuildOperationStep$1.call(Lorg/gradle/internal/operations/BuildOperationContext;)Ljava/lang/Object; (11 bytes) @ 0x000001d2e2ef274c [0x000001d2e2ef2640+0x000000000000010c]
J 13787 c2 org.gradle.internal.operations.DefaultBuildOperationRunner$CallableBuildOperationWorker.execute(Lorg/gradle/internal/operations/BuildOperation;Lorg/gradle/internal/operations/BuildOperationContext;)V (10 bytes) @ 0x000001d2e9fb9790 [0x000001d2e9fb9720+0x0000000000000070]
J 11899 c2 org.gradle.internal.operations.DefaultBuildOperationRunner.execute(Lorg/gradle/internal/operations/BuildOperation;Lorg/gradle/internal/operations/BuildOperationWorker;Lorg/gradle/internal/operations/BuildOperationState;)V (23 bytes) @ 0x000001d2ea6594f0 [0x000001d2ea6577e0+0x0000000000001d10]
J 13641 c2 org.gradle.internal.operations.DefaultBuildOperationRunner.call(Lorg/gradle/internal/operations/CallableBuildOperation;)Ljava/lang/Object; (24 bytes) @ 0x000001d2ea1fffa4 [0x000001d2ea1ffec0+0x00000000000000e4]
J 6249 c1 org.gradle.internal.execution.steps.BuildOperationStep.operation(Ljava/util/function/Function;Lorg/gradle/internal/operations/BuildOperationDescriptor$Builder;)Ljava/lang/Object; (20 bytes) @ 0x000001d2e2ef2104 [0x000001d2e2ef1ee0+0x0000000000000224]
J 10918 c1 org.gradle.internal.execution.steps.ExecuteWorkBuildOperationFiringStep.lambda$execute$1(Lorg/gradle/internal/execution/UnitOfWork;Lorg/gradle/internal/execution/steps/IdentityContext;Ljava/lang/String;)Lorg/gradle/internal/execution/steps/CachingResult; (41 bytes) @ 0x000001d2e382b094 [0x000001d2e382a620+0x0000000000000a74]
J 10917 c1 org.gradle.internal.execution.steps.ExecuteWorkBuildOperationFiringStep$$Lambda$453+0x000001d281439650.apply(Ljava/lang/Object;)Ljava/lang/Object; (20 bytes) @ 0x000001d2e382a1cc [0x000001d2e382a040+0x000000000000018c]
J 10849 c1 org.gradle.internal.execution.steps.ExecuteWorkBuildOperationFiringStep.execute(Lorg/gradle/internal/execution/UnitOfWork;Lorg/gradle/internal/execution/steps/Context;)Lorg/gradle/internal/execution/steps/Result; (10 bytes) @ 0x000001d2e380335c [0x000001d2e3802a40+0x000000000000091c]
J 10916 c1 org.gradle.internal.execution.steps.IdentityCacheStep.executeInCache(Lorg/gradle/internal/execution/UnitOfWork;Lorg/gradle/internal/execution/steps/IdentityContext;)Lorg/gradle/internal/execution/ExecutionEngine$IdentityCacheResult; (45 bytes) @ 0x000001d2e382791c [0x000001d2e38277c0+0x000000000000015c]
J 10915 c1 org.gradle.internal.execution.steps.IdentityCacheStep$$Lambda$934+0x000001d28165bd00.get()Ljava/lang/Object; (16 bytes) @ 0x000001d2e3827214 [0x000001d2e3827140+0x00000000000000d4]
J 6793 c1 org.gradle.cache.Cache$$Lambda$88+0x000001d281100220.apply(Ljava/lang/Object;)Ljava/lang/Object; (9 bytes) @ 0x000001d2e301ba04 [0x000001d2e301b8c0+0x0000000000000144]
J 14010 c2 java.util.concurrent.ConcurrentHashMap.computeIfAbsent(Ljava/lang/Object;Ljava/util/function/Function;)Ljava/lang/Object; java.base@17.0.10 (576 bytes) @ 0x000001d2ea61cd98 [0x000001d2ea61ca40+0x0000000000000358]
J 13394 c2 org.gradle.cache.Cache.get(Ljava/lang/Object;Ljava/util/function/Supplier;)Ljava/lang/Object; (14 bytes) @ 0x000001d2ea7e4eac [0x000001d2ea7e4de0+0x00000000000000cc]
J 10907 c1 org.gradle.internal.execution.steps.IdentityCacheStep.lambda$executeDeferred$1(Lorg/gradle/cache/Cache;Lorg/gradle/internal/execution/UnitOfWork$Identity;Lorg/gradle/internal/execution/UnitOfWork;Lorg/gradle/internal/execution/steps/IdentityContext;)Lorg/gradle/internal/Try; (41 bytes) @ 0x000001d2e381e1a4 [0x000001d2e381dce0+0x00000000000004c4]
J 9734 c1 org.gradle.internal.execution.steps.IdentityCacheStep$$Lambda$929+0x000001d28165b3f0.get()Ljava/lang/Object; (24 bytes) @ 0x000001d2e35a4764 [0x000001d2e35a46c0+0x00000000000000a4]
J 10946 c1 org.gradle.internal.Deferrable$3.completeAndGet()Ljava/lang/Object; (46 bytes) @ 0x000001d2e3838b84 [0x000001d2e38389c0+0x00000000000001c4]
J 9362 c1 org.gradle.internal.Deferrable$1.completeAndGet()Ljava/lang/Object; (18 bytes) @ 0x000001d2e35020f4 [0x000001d2e3501fe0+0x0000000000000114]
J 9362 c1 org.gradle.internal.Deferrable$1.completeAndGet()Ljava/lang/Object; (18 bytes) @ 0x000001d2e35020f4 [0x000001d2e3501fe0+0x0000000000000114]
J 13386 c1 org.gradle.internal.Deferrable$$Lambda$964+0x000001d28166dc28.get()Ljava/lang/Object; (14 bytes) @ 0x000001d2e3b4c524 [0x000001d2e3b4c300+0x0000000000000224]
J 10946 c1 org.gradle.internal.Deferrable$3.completeAndGet()Ljava/lang/Object; (46 bytes) @ 0x000001d2e3838b84 [0x000001d2e38389c0+0x00000000000001c4]
J 13386 c1 org.gradle.internal.Deferrable$$Lambda$964+0x000001d28166dc28.get()Ljava/lang/Object; (14 bytes) @ 0x000001d2e3b4c524 [0x000001d2e3b4c300+0x0000000000000224]
J 10946 c1 org.gradle.internal.Deferrable$3.completeAndGet()Ljava/lang/Object; (46 bytes) @ 0x000001d2e3838b84 [0x000001d2e38389c0+0x00000000000001c4]
J 10553 c1 org.gradle.api.internal.artifacts.transform.TransformingAsyncArtifactListener$TransformedArtifact.finalizeValue()Lorg/gradle/internal/Try; (168 bytes) @ 0x000001d2e37623fc [0x000001d2e37617c0+0x0000000000000c3c]
J 10983 c1 org.gradle.api.internal.artifacts.transform.TransformingAsyncArtifactListener$TransformedArtifact.run(Lorg/gradle/internal/operations/BuildOperationContext;)V (6 bytes) @ 0x000001d2e384f614 [0x000001d2e384f5a0+0x0000000000000074]
J 10664 c1 org.gradle.internal.operations.DefaultBuildOperationExecutor$$Lambda$906+0x000001d28164ec98.execute(Lorg/gradle/internal/operations/BuildOperation;Lorg/gradle/internal/operations/BuildOperationContext;)V (11 bytes) @ 0x000001d2e37a1fd4 [0x000001d2e37a1dc0+0x0000000000000214]
J 11899 c2 org.gradle.internal.operations.DefaultBuildOperationRunner.execute(Lorg/gradle/internal/operations/BuildOperation;Lorg/gradle/internal/operations/BuildOperationWorker;Lorg/gradle/internal/operations/BuildOperationState;)V (23 bytes) @ 0x000001d2ea6594f0 [0x000001d2ea6577e0+0x0000000000001d10]
J 10663 c1 org.gradle.internal.operations.DefaultBuildOperationQueue$WorkerRunnable.runOperation(Lorg/gradle/internal/operations/BuildOperation;)V (26 bytes) @ 0x000001d2e37a1724 [0x000001d2e37a1580+0x00000000000001a4]
j  org.gradle.internal.operations.DefaultBuildOperationQueue$WorkerRunnable.doRunBatch(Lorg/gradle/internal/operations/BuildOperation;)I+28
j  org.gradle.internal.operations.DefaultBuildOperationQueue$WorkerRunnable.lambda$runBatch$0(Lorg/gradle/internal/operations/BuildOperation;)Ljava/lang/Integer;+2
j  org.gradle.internal.operations.DefaultBuildOperationQueue$WorkerRunnable$$Lambda$908+0x000001d28164f980.create()Ljava/lang/Object;+8
j  org.gradle.internal.resources.AbstractResourceLockRegistry.whileDisallowingLockChanges(Lorg/gradle/internal/Factory;)Ljava/lang/Object;+17
j  org.gradle.internal.work.DefaultWorkerLeaseService.whileDisallowingProjectLockChanges(Lorg/gradle/internal/Factory;)Ljava/lang/Object;+14
j  org.gradle.internal.operations.DefaultBuildOperationQueue$WorkerRunnable.lambda$runBatch$1(Lorg/gradle/internal/operations/BuildOperation;)Ljava/lang/Integer;+33
j  org.gradle.internal.operations.DefaultBuildOperationQueue$WorkerRunnable$$Lambda$907+0x000001d28164f760.create()Ljava/lang/Object;+8
j  org.gradle.internal.work.DefaultWorkerLeaseService.withLocks(Ljava/util/Collection;Lorg/gradle/internal/Factory;)Ljava/lang/Object;+28
j  org.gradle.internal.work.DefaultWorkerLeaseService.runAsWorkerThread(Lorg/gradle/internal/Factory;)Ljava/lang/Object;+33
j  org.gradle.internal.operations.DefaultBuildOperationQueue$WorkerRunnable.runBatch(Lorg/gradle/internal/operations/BuildOperation;)V+18
j  org.gradle.internal.operations.DefaultBuildOperationQueue$WorkerRunnable.run()V+11
J 11061 c2 org.gradle.internal.concurrent.ExecutorPolicy$CatchAndRecordFailures.onExecute(Ljava/lang/Runnable;)V (29 bytes) @ 0x000001d2ea48ddc8 [0x000001d2ea48dd80+0x0000000000000048]
j  org.gradle.internal.concurrent.AbstractManagedExecutor$1.run()V+25
j  java.util.concurrent.ThreadPoolExecutor.runWorker(Ljava/util/concurrent/ThreadPoolExecutor$Worker;)V+92 java.base@17.0.10
j  java.util.concurrent.ThreadPoolExecutor$Worker.run()V+5 java.base@17.0.10
j  java.lang.Thread.run()V+11 java.base@17.0.10
v  ~StubRoutines::call_stub

---------------  P R O C E S S  ---------------

Threads class SMR info:
_java_thread_list=0x000001d2a141af60, length=143, elements={
0x000001d2dabf81b0, 0x000001d2fd7e0be0, 0x000001d2fd7e16b0, 0x000001d2fd7f5c70,
0x000001d2fd7f6540, 0x000001d2fd7f8e20, 0x000001d2fd7fb700, 0x000001d2fd7ff320,
0x000001d2fd800cf0, 0x000001d2fd80e760, 0x000001d2fdbc4250, 0x000001d2fdbc2900,
0x000001d2fdbc2e10, 0x000001d2fdbc3320, 0x000001d2fdbc3830, 0x000001d29f3eefc0,
0x000001d29f3ee090, 0x000001d29f3efef0, 0x000001d29f3f0400, 0x000001d29f3ef9e0,
0x000001d29f3ecc50, 0x000001d29f3f0910, 0x000001d29f3ed160, 0x000001d29f3eeab0,
0x000001d29f3f0e20, 0x000001d29f3f1330, 0x000001d29f3edb80, 0x000001d29f3f1840,
0x000001d29f3f1d50, 0x000001d29f3ee5a0, 0x000001d29f3f2260, 0x000001d29f3f2770,
0x000001d29f3ef4d0, 0x000001d29f3f40c0, 0x000001d29f3f3190, 0x000001d29f3f3bb0,
0x000001d29f3f45d0, 0x000001d2a13a99e0, 0x000001d2a13a9ef0, 0x000001d2a13a8fc0,
0x000001d2a13ab840, 0x000001d2a13a8ab0, 0x000001d2a13aa400, 0x000001d2a13ab330,
0x000001d2a13a94d0, 0x000001d2a13aa910, 0x000001d2a13aae20, 0x000001d2a13a8090,
0x000001d2a13abd50, 0x000001d2a13a85a0, 0x000001d2a13ac770, 0x000001d2a13adbb0,
0x000001d2a13ad6a0, 0x000001d2a13ae0c0, 0x000001d2a13ac260, 0x000001d2a13ae5d0,
0x000001d2a13aeae0, 0x000001d2a13aeff0, 0x000001d2a13acc80, 0x000001d2a26d65b0,
0x000001d2a26d7f00, 0x000001d2a26d9d60, 0x000001d2a26da270, 0x000001d2a26d6ac0,
0x000001d2a26d8e30, 0x000001d2a26d9850, 0x000001d2a26da780, 0x000001d2a26dac90,
0x000001d2a26dbbc0, 0x000001d2a26dcaf0, 0x000001d2a26dd000, 0x000001d2a26dd510,
0x000001d2a26dda20, 0x000001d2a26db1a0, 0x000001d2a26db6b0, 0x000001d2a26dc0d0,
0x000001d2a26dc5e0, 0x000001d2fee531d0, 0x000001d2fee536e0, 0x000001d2fee53bf0,
0x000001d2fee55f60, 0x000001d2fee527b0, 0x000001d2fee56470, 0x000001d2fee54100,
0x000001d2fee55540, 0x000001d2fee55030, 0x000001d2fee55a50, 0x000001d2fee54610,
0x000001d2fee52cc0, 0x000001d2fee56980, 0x000001d2fee56e90, 0x000001d2fee573a0,
0x000001d2fee578b0, 0x000001d2fee57dc0, 0x000001d2fee582d0, 0x000001d2fee54b20,
0x000001d2fee59200, 0x000001d2fee587e0, 0x000001d2fee5a130, 0x000001d2fee58cf0,
0x000001d2fee59710, 0x000001d2fee59c20, 0x000001d2fe42c600, 0x000001d2fe42b1c0,
0x000001d2fe42bbe0, 0x000001d2fe42d530, 0x000001d2fe42cb10, 0x000001d2fe42acb0,
0x000001d2fe42b6d0, 0x000001d2fe42a290, 0x000001d2fe42df50, 0x000001d2fe42da40,
0x000001d2fe42e460, 0x000001d2fe42e970, 0x000001d2fe42ee80, 0x000001d2fe42d020,
0x000001d2fe42f390, 0x000001d2fe42f8a0, 0x000001d2fe42c0f0, 0x000001d2fe42fdb0,
0x000001d2fe4302c0, 0x000001d2fe4307d0, 0x000001d2fe430ce0, 0x000001d2fe4311f0,
0x000001d2fe431700, 0x000001d2fe431c10, 0x000001d2ff192f40, 0x000001d2ff193450,
0x000001d2ff192010, 0x000001d2ff193e70, 0x000001d2ff194380, 0x000001d2ff194890,
0x000001d2ff191b00, 0x000001d2ff1910e0, 0x000001d2ff194da0, 0x000001d2ff1952b0,
0x000001d2ff198550, 0x000001d2ff1957c0, 0x000001d2ff197620, 0x000001d2ff196c00,
0x000001d2a4394440, 0x000001d2a4395880, 0x000001d2a4398b20
}

Java Threads: ( => current thread )
  0x000001d2dabf81b0 JavaThread "main" [_thread_blocked, id=18080, stack(0x0000006e8af00000,0x0000006e8b000000)]
  0x000001d2fd7e0be0 JavaThread "Reference Handler" daemon [_thread_blocked, id=21112, stack(0x0000006e8b600000,0x0000006e8b700000)]
  0x000001d2fd7e16b0 JavaThread "Finalizer" daemon [_thread_blocked, id=14796, stack(0x0000006e8b700000,0x0000006e8b800000)]
  0x000001d2fd7f5c70 JavaThread "Signal Dispatcher" daemon [_thread_blocked, id=19064, stack(0x0000006e8b800000,0x0000006e8b900000)]
  0x000001d2fd7f6540 JavaThread "Attach Listener" daemon [_thread_blocked, id=21768, stack(0x0000006e8b900000,0x0000006e8ba00000)]
  0x000001d2fd7f8e20 JavaThread "Service Thread" daemon [_thread_blocked, id=22040, stack(0x0000006e8ba00000,0x0000006e8bb00000)]
  0x000001d2fd7fb700 JavaThread "Monitor Deflation Thread" daemon [_thread_blocked, id=672, stack(0x0000006e8bb00000,0x0000006e8bc00000)]
  0x000001d2fd7ff320 JavaThread "C2 CompilerThread0" daemon [_thread_blocked, id=20052, stack(0x0000006e8bc00000,0x0000006e8bd00000)]
  0x000001d2fd800cf0 JavaThread "C1 CompilerThread0" daemon [_thread_blocked, id=13032, stack(0x0000006e8bd00000,0x0000006e8be00000)]
  0x000001d2fd80e760 JavaThread "Sweeper thread" daemon [_thread_blocked, id=18608, stack(0x0000006e8be00000,0x0000006e8bf00000)]
  0x000001d2fdbc4250 JavaThread "Common-Cleaner" daemon [_thread_blocked, id=9232, stack(0x0000006e8bf00000,0x0000006e8c000000)]
  0x000001d2fdbc2900 JavaThread "Notification Thread" daemon [_thread_blocked, id=12580, stack(0x0000006e8c000000,0x0000006e8c100000)]
  0x000001d2fdbc2e10 JavaThread "Daemon health stats" [_thread_blocked, id=21876, stack(0x0000006e8c900000,0x0000006e8ca00000)]
  0x000001d2fdbc3320 JavaThread "Incoming local TCP Connector on port 65300" [_thread_in_native, id=19448, stack(0x0000006e8c200000,0x0000006e8c300000)]
  0x000001d2fdbc3830 JavaThread "Daemon periodic checks" [_thread_blocked, id=16552, stack(0x0000006e8c300000,0x0000006e8c400000)]
  0x000001d29f3eefc0 JavaThread "Daemon" [_thread_blocked, id=15748, stack(0x0000006e8ca00000,0x0000006e8cb00000)]
  0x000001d29f3ee090 JavaThread "Handler for socket connection from /127.0.0.1:65300 to /127.0.0.1:65301" [_thread_in_native, id=1664, stack(0x0000006e8cb00000,0x0000006e8cc00000)]
  0x000001d29f3efef0 JavaThread "Cancel handler" [_thread_blocked, id=14220, stack(0x0000006e8cc00000,0x0000006e8cd00000)]
  0x000001d29f3f0400 JavaThread "Daemon worker" [_thread_blocked, id=12220, stack(0x0000006e8cd00000,0x0000006e8ce00000)]
  0x000001d29f3ef9e0 JavaThread "Asynchronous log dispatcher for DefaultDaemonConnection: socket connection from /127.0.0.1:65300 to /127.0.0.1:65301" [_thread_blocked, id=21296, stack(0x0000006e8ce00000,0x0000006e8cf00000)]
  0x000001d29f3ecc50 JavaThread "Stdin handler" [_thread_blocked, id=21276, stack(0x0000006e8cf00000,0x0000006e8d000000)]
  0x000001d29f3f0910 JavaThread "Daemon client event forwarder" [_thread_blocked, id=10696, stack(0x0000006e8d000000,0x0000006e8d100000)]
  0x000001d29f3ed160 JavaThread "Cache worker for journal cache (C:\Users\lam01\.gradle\caches\journal-1)" [_thread_blocked, id=13732, stack(0x0000006e8d200000,0x0000006e8d300000)]
  0x000001d29f3eeab0 JavaThread "File lock request listener" [_thread_in_native, id=16692, stack(0x0000006e8d300000,0x0000006e8d400000)]
  0x000001d29f3f0e20 JavaThread "Cache worker for file hash cache (C:\Users\lam01\.gradle\caches\8.13\fileHashes)" [_thread_blocked, id=18868, stack(0x0000006e8d400000,0x0000006e8d500000)]
  0x000001d29f3f1330 JavaThread "Cache worker for file hash cache (E:\english-learner\mobile\android\.gradle\8.13\fileHashes)" [_thread_blocked, id=20476, stack(0x0000006e8d500000,0x0000006e8d600000)]
  0x000001d29f3edb80 JavaThread "Cache worker for Build Output Cleanup Cache (E:\english-learner\mobile\android\.gradle\buildOutputCleanup)" [_thread_blocked, id=13424, stack(0x0000006e8d600000,0x0000006e8d700000)]
  0x000001d29f3f1840 JavaThread "File watcher server" daemon [_thread_blocked, id=8324, stack(0x0000006e8db00000,0x0000006e8dc00000)]
  0x000001d29f3f1d50 JavaThread "File watcher consumer" daemon [_thread_blocked, id=16512, stack(0x0000006e8dc00000,0x0000006e8dd00000)]
  0x000001d29f3ee5a0 JavaThread "jar transforms" [_thread_blocked, id=10196, stack(0x0000006e8dd00000,0x0000006e8de00000)]
  0x000001d29f3f2260 JavaThread "Cache worker for checksums cache (E:\english-learner\mobile\android\.gradle\8.13\checksums)" [_thread_blocked, id=18372, stack(0x0000006e8de00000,0x0000006e8df00000)]
  0x000001d29f3f2770 JavaThread "Cache worker for file content cache (C:\Users\lam01\.gradle\caches\8.13\fileContent)" [_thread_blocked, id=3180, stack(0x0000006e8df00000,0x0000006e8e000000)]
  0x000001d29f3ef4d0 JavaThread "Cache worker for cache directory md-supplier (C:\Users\lam01\.gradle\caches\8.13\md-supplier)" [_thread_blocked, id=22332, stack(0x0000006e8e000000,0x0000006e8e100000)]
  0x000001d29f3f40c0 JavaThread "Cache worker for cache directory md-rule (C:\Users\lam01\.gradle\caches\8.13\md-rule)" [_thread_blocked, id=20064, stack(0x0000006e8e100000,0x0000006e8e200000)]
  0x000001d29f3f3190 JavaThread "Cache worker for Build Output Cleanup Cache (E:\english-learner\mobile\node_modules\@react-native\gradle-plugin\.gradle\buildOutputCleanup)" [_thread_blocked, id=9788, stack(0x0000006e8e200000,0x0000006e8e300000)]
  0x000001d29f3f3bb0 JavaThread "Unconstrained build operations" [_thread_blocked, id=22312, stack(0x0000006e8e300000,0x0000006e8e400000)]
  0x000001d29f3f45d0 JavaThread "Unconstrained build operations Thread 2" [_thread_blocked, id=19128, stack(0x0000006e8e400000,0x0000006e8e500000)]
  0x000001d2a13a99e0 JavaThread "Unconstrained build operations Thread 3" [_thread_blocked, id=22440, stack(0x0000006e8e500000,0x0000006e8e600000)]
  0x000001d2a13a9ef0 JavaThread "Unconstrained build operations Thread 4" [_thread_blocked, id=21948, stack(0x0000006e8d700000,0x0000006e8d800000)]
  0x000001d2a13a8fc0 JavaThread "Unconstrained build operations Thread 5" [_thread_blocked, id=16588, stack(0x0000006e8e600000,0x0000006e8e700000)]
  0x000001d2a13ab840 JavaThread "Unconstrained build operations Thread 6" [_thread_blocked, id=13256, stack(0x0000006e8e700000,0x0000006e8e800000)]
  0x000001d2a13a8ab0 JavaThread "Unconstrained build operations Thread 7" [_thread_blocked, id=6172, stack(0x0000006e8e800000,0x0000006e8e900000)]
  0x000001d2a13aa400 JavaThread "Unconstrained build operations Thread 8" [_thread_blocked, id=20748, stack(0x0000006e8e900000,0x0000006e8ea00000)]
  0x000001d2a13ab330 JavaThread "Unconstrained build operations Thread 9" [_thread_blocked, id=3832, stack(0x0000006e8ea00000,0x0000006e8eb00000)]
  0x000001d2a13a94d0 JavaThread "Unconstrained build operations Thread 10" [_thread_blocked, id=22276, stack(0x0000006e8eb00000,0x0000006e8ec00000)]
  0x000001d2a13aa910 JavaThread "Unconstrained build operations Thread 11" [_thread_blocked, id=15252, stack(0x0000006e8ec00000,0x0000006e8ed00000)]
  0x000001d2a13aae20 JavaThread "Unconstrained build operations Thread 12" [_thread_blocked, id=15260, stack(0x0000006e8ed00000,0x0000006e8ee00000)]
  0x000001d2a13a8090 JavaThread "Unconstrained build operations Thread 13" [_thread_blocked, id=20292, stack(0x0000006e8ee00000,0x0000006e8ef00000)]
  0x000001d2a13abd50 JavaThread "Unconstrained build operations Thread 14" [_thread_blocked, id=2984, stack(0x0000006e8ef00000,0x0000006e8f000000)]
  0x000001d2a13a85a0 JavaThread "Unconstrained build operations Thread 15" [_thread_blocked, id=20348, stack(0x0000006e8f000000,0x0000006e8f100000)]
  0x000001d2a13ac770 JavaThread "Unconstrained build operations Thread 16" [_thread_blocked, id=22028, stack(0x0000006e8f100000,0x0000006e8f200000)]
  0x000001d2a13adbb0 JavaThread "Unconstrained build operations Thread 17" [_thread_blocked, id=20732, stack(0x0000006e8f200000,0x0000006e8f300000)]
  0x000001d2a13ad6a0 JavaThread "Unconstrained build operations Thread 18" [_thread_blocked, id=4176, stack(0x0000006e8f300000,0x0000006e8f400000)]
  0x000001d2a13ae0c0 JavaThread "Unconstrained build operations Thread 19" [_thread_blocked, id=12452, stack(0x0000006e8f400000,0x0000006e8f500000)]
  0x000001d2a13ac260 JavaThread "Unconstrained build operations Thread 20" [_thread_blocked, id=9724, stack(0x0000006e8f500000,0x0000006e8f600000)]
  0x000001d2a13ae5d0 JavaThread "Unconstrained build operations Thread 21" [_thread_blocked, id=13620, stack(0x0000006e8f600000,0x0000006e8f700000)]
  0x000001d2a13aeae0 JavaThread "Unconstrained build operations Thread 22" [_thread_blocked, id=5900, stack(0x0000006e8f700000,0x0000006e8f800000)]
  0x000001d2a13aeff0 JavaThread "Unconstrained build operations Thread 23" [_thread_blocked, id=10928, stack(0x0000006e8f800000,0x0000006e8f900000)]
  0x000001d2a13acc80 JavaThread "Unconstrained build operations Thread 24" [_thread_blocked, id=21680, stack(0x0000006e8f900000,0x0000006e8fa00000)]
  0x000001d2a26d65b0 JavaThread "build event listener" [_thread_blocked, id=21880, stack(0x0000006e8fb00000,0x0000006e8fc00000)]
  0x000001d2a26d7f00 JavaThread "Memory manager" [_thread_blocked, id=8616, stack(0x0000006e8d100000,0x0000006e8d200000)]
  0x000001d2a26d9d60 JavaThread "ForkJoinPool.commonPool-worker-1" daemon [_thread_blocked, id=14608, stack(0x0000006e8fd00000,0x0000006e8fe00000)]
  0x000001d2a26da270 JavaThread "ForkJoinPool.commonPool-worker-2" daemon [_thread_blocked, id=22064, stack(0x0000006e8fe00000,0x0000006e8ff00000)]
  0x000001d2a26d6ac0 JavaThread "ForkJoinPool.commonPool-worker-3" daemon [_thread_blocked, id=21904, stack(0x0000006e8ff00000,0x0000006e90000000)]
  0x000001d2a26d8e30 JavaThread "ForkJoinPool.commonPool-worker-4" daemon [_thread_blocked, id=18748, stack(0x0000006e90000000,0x0000006e90100000)]
  0x000001d2a26d9850 JavaThread "ForkJoinPool.commonPool-worker-5" daemon [_thread_blocked, id=21704, stack(0x0000006e90100000,0x0000006e90200000)]
  0x000001d2a26da780 JavaThread "ForkJoinPool.commonPool-worker-6" daemon [_thread_blocked, id=18860, stack(0x0000006e90200000,0x0000006e90300000)]
  0x000001d2a26dac90 JavaThread "ForkJoinPool.commonPool-worker-7" daemon [_thread_blocked, id=2940, stack(0x0000006e90300000,0x0000006e90400000)]
  0x000001d2a26dbbc0 JavaThread "included builds" [_thread_blocked, id=21916, stack(0x0000006e90400000,0x0000006e90500000)]
  0x000001d2a26dcaf0 JavaThread "Execution worker" [_thread_blocked, id=21920, stack(0x0000006e90500000,0x0000006e90600000)]
  0x000001d2a26dd000 JavaThread "Execution worker Thread 2" [_thread_blocked, id=2992, stack(0x0000006e90600000,0x0000006e90700000)]
  0x000001d2a26dd510 JavaThread "Execution worker Thread 3" [_thread_blocked, id=18772, stack(0x0000006e90700000,0x0000006e90800000)]
  0x000001d2a26dda20 JavaThread "Execution worker Thread 4" [_thread_blocked, id=4476, stack(0x0000006e90800000,0x0000006e90900000)]
  0x000001d2a26db1a0 JavaThread "Execution worker Thread 5" [_thread_blocked, id=22436, stack(0x0000006e90900000,0x0000006e90a00000)]
  0x000001d2a26db6b0 JavaThread "Execution worker Thread 6" [_thread_blocked, id=18464, stack(0x0000006e90a00000,0x0000006e90b00000)]
  0x000001d2a26dc0d0 JavaThread "Execution worker Thread 7" [_thread_blocked, id=21516, stack(0x0000006e90b00000,0x0000006e90c00000)]
  0x000001d2a26dc5e0 JavaThread "Cache worker for execution history cache (E:\english-learner\mobile\node_modules\@react-native\gradle-plugin\.gradle\8.13\executionHistory)" [_thread_blocked, id=13924, stack(0x0000006e90c00000,0x0000006e90d00000)]
  0x000001d2fee531d0 JavaThread "Unconstrained build operations Thread 25" [_thread_blocked, id=16656, stack(0x0000006e90d00000,0x0000006e90e00000)]
  0x000001d2fee536e0 JavaThread "Unconstrained build operations Thread 26" [_thread_blocked, id=17548, stack(0x0000006e90e00000,0x0000006e90f00000)]
  0x000001d2fee53bf0 JavaThread "Unconstrained build operations Thread 27" [_thread_blocked, id=20100, stack(0x0000006e90f00000,0x0000006e91000000)]
  0x000001d2fee55f60 JavaThread "Unconstrained build operations Thread 28" [_thread_blocked, id=19344, stack(0x0000006e91000000,0x0000006e91100000)]
  0x000001d2fee527b0 JavaThread "Unconstrained build operations Thread 29" [_thread_blocked, id=21152, stack(0x0000006e91100000,0x0000006e91200000)]
  0x000001d2fee56470 JavaThread "Unconstrained build operations Thread 30" [_thread_blocked, id=21404, stack(0x0000006e91200000,0x0000006e91300000)]
  0x000001d2fee54100 JavaThread "Unconstrained build operations Thread 31" [_thread_blocked, id=13180, stack(0x0000006e91300000,0x0000006e91400000)]
  0x000001d2fee55540 JavaThread "Unconstrained build operations Thread 32" [_thread_blocked, id=3736, stack(0x0000006e91400000,0x0000006e91500000)]
  0x000001d2fee55030 JavaThread "Unconstrained build operations Thread 33" [_thread_blocked, id=16380, stack(0x0000006e91500000,0x0000006e91600000)]
  0x000001d2fee55a50 JavaThread "Unconstrained build operations Thread 34" [_thread_blocked, id=12112, stack(0x0000006e91600000,0x0000006e91700000)]
  0x000001d2fee54610 JavaThread "Unconstrained build operations Thread 35" [_thread_blocked, id=22004, stack(0x0000006e91700000,0x0000006e91800000)]
  0x000001d2fee52cc0 JavaThread "Unconstrained build operations Thread 36" [_thread_blocked, id=14664, stack(0x0000006e91800000,0x0000006e91900000)]
  0x000001d2fee56980 JavaThread "Unconstrained build operations Thread 37" [_thread_blocked, id=14952, stack(0x0000006e91900000,0x0000006e91a00000)]
  0x000001d2fee56e90 JavaThread "Unconstrained build operations Thread 38" [_thread_blocked, id=19772, stack(0x0000006e91a00000,0x0000006e91b00000)]
  0x000001d2fee573a0 JavaThread "Unconstrained build operations Thread 39" [_thread_blocked, id=20340, stack(0x0000006e91b00000,0x0000006e91c00000)]
  0x000001d2fee578b0 JavaThread "Unconstrained build operations Thread 40" [_thread_blocked, id=12200, stack(0x0000006e91c00000,0x0000006e91d00000)]
  0x000001d2fee57dc0 JavaThread "Unconstrained build operations Thread 41" [_thread_blocked, id=22492, stack(0x0000006e91d00000,0x0000006e91e00000)]
  0x000001d2fee582d0 JavaThread "Unconstrained build operations Thread 42" [_thread_blocked, id=17052, stack(0x0000006e91e00000,0x0000006e91f00000)]
  0x000001d2fee54b20 JavaThread "Unconstrained build operations Thread 43" [_thread_blocked, id=11260, stack(0x0000006e91f00000,0x0000006e92000000)]
  0x000001d2fee59200 JavaThread "Unconstrained build operations Thread 44" [_thread_blocked, id=18660, stack(0x0000006e92000000,0x0000006e92100000)]
  0x000001d2fee587e0 JavaThread "Unconstrained build operations Thread 45" [_thread_blocked, id=21980, stack(0x0000006e92100000,0x0000006e92200000)]
  0x000001d2fee5a130 JavaThread "Unconstrained build operations Thread 46" [_thread_blocked, id=20764, stack(0x0000006e92200000,0x0000006e92300000)]
  0x000001d2fee58cf0 JavaThread "Unconstrained build operations Thread 47" [_thread_blocked, id=22412, stack(0x0000006e92300000,0x0000006e92400000)]
  0x000001d2fee59710 JavaThread "Unconstrained build operations Thread 48" [_thread_blocked, id=7864, stack(0x0000006e92400000,0x0000006e92500000)]
  0x000001d2fee59c20 JavaThread "Unconstrained build operations Thread 49" [_thread_blocked, id=22324, stack(0x0000006e92500000,0x0000006e92600000)]
  0x000001d2fe42c600 JavaThread "Unconstrained build operations Thread 50" [_thread_blocked, id=9292, stack(0x0000006e92600000,0x0000006e92700000)]
  0x000001d2fe42b1c0 JavaThread "Unconstrained build operations Thread 51" [_thread_blocked, id=19044, stack(0x0000006e92700000,0x0000006e92800000)]
  0x000001d2fe42bbe0 JavaThread "Unconstrained build operations Thread 52" [_thread_blocked, id=12828, stack(0x0000006e92800000,0x0000006e92900000)]
  0x000001d2fe42d530 JavaThread "Unconstrained build operations Thread 53" [_thread_blocked, id=20416, stack(0x0000006e92900000,0x0000006e92a00000)]
  0x000001d2fe42cb10 JavaThread "Unconstrained build operations Thread 54" [_thread_blocked, id=21420, stack(0x0000006e92a00000,0x0000006e92b00000)]
  0x000001d2fe42acb0 JavaThread "Unconstrained build operations Thread 55" [_thread_blocked, id=11764, stack(0x0000006e92b00000,0x0000006e92c00000)]
  0x000001d2fe42b6d0 JavaThread "Unconstrained build operations Thread 56" [_thread_blocked, id=13144, stack(0x0000006e92c00000,0x0000006e92d00000)]
  0x000001d2fe42a290 JavaThread "Unconstrained build operations Thread 57" [_thread_blocked, id=20172, stack(0x0000006e92d00000,0x0000006e92e00000)]
  0x000001d2fe42df50 JavaThread "Unconstrained build operations Thread 58" [_thread_blocked, id=9364, stack(0x0000006e92e00000,0x0000006e92f00000)]
  0x000001d2fe42da40 JavaThread "Unconstrained build operations Thread 59" [_thread_blocked, id=9228, stack(0x0000006e92f00000,0x0000006e93000000)]
  0x000001d2fe42e460 JavaThread "Unconstrained build operations Thread 60" [_thread_blocked, id=21836, stack(0x0000006e93000000,0x0000006e93100000)]
  0x000001d2fe42e970 JavaThread "Unconstrained build operations Thread 61" [_thread_blocked, id=16336, stack(0x0000006e93100000,0x0000006e93200000)]
  0x000001d2fe42ee80 JavaThread "Unconstrained build operations Thread 62" [_thread_blocked, id=11472, stack(0x0000006e93200000,0x0000006e93300000)]
  0x000001d2fe42d020 JavaThread "Unconstrained build operations Thread 63" [_thread_blocked, id=13092, stack(0x0000006e93300000,0x0000006e93400000)]
  0x000001d2fe42f390 JavaThread "Unconstrained build operations Thread 64" [_thread_blocked, id=22172, stack(0x0000006e93400000,0x0000006e93500000)]
  0x000001d2fe42f8a0 JavaThread "Unconstrained build operations Thread 65" [_thread_blocked, id=21660, stack(0x0000006e93500000,0x0000006e93600000)]
  0x000001d2fe42c0f0 JavaThread "Unconstrained build operations Thread 66" [_thread_blocked, id=4648, stack(0x0000006e93600000,0x0000006e93700000)]
  0x000001d2fe42fdb0 JavaThread "Unconstrained build operations Thread 67" [_thread_blocked, id=21764, stack(0x0000006e93700000,0x0000006e93800000)]
  0x000001d2fe4302c0 JavaThread "Unconstrained build operations Thread 68" [_thread_blocked, id=21548, stack(0x0000006e93800000,0x0000006e93900000)]
  0x000001d2fe4307d0 JavaThread "Unconstrained build operations Thread 69" [_thread_blocked, id=19272, stack(0x0000006e93900000,0x0000006e93a00000)]
  0x000001d2fe430ce0 JavaThread "Unconstrained build operations Thread 70" [_thread_blocked, id=18460, stack(0x0000006e93a00000,0x0000006e93b00000)]
  0x000001d2fe4311f0 JavaThread "Unconstrained build operations Thread 71" [_thread_blocked, id=21724, stack(0x0000006e93b00000,0x0000006e93c00000)]
=>0x000001d2fe431700 JavaThread "Unconstrained build operations Thread 72" [_thread_in_vm, id=20588, stack(0x0000006e93c00000,0x0000006e93d00000)]
  0x000001d2fe431c10 JavaThread "Unconstrained build operations Thread 73" [_thread_blocked, id=3328, stack(0x0000006e93d00000,0x0000006e93e00000)]
  0x000001d2ff192f40 JavaThread "Unconstrained build operations Thread 74" [_thread_blocked, id=22256, stack(0x0000006e93e00000,0x0000006e93f00000)]
  0x000001d2ff193450 JavaThread "jar transforms Thread 2" [_thread_blocked, id=6304, stack(0x0000006e93f00000,0x0000006e94000000)]
  0x000001d2ff192010 JavaThread "jar transforms Thread 3" [_thread_blocked, id=20440, stack(0x0000006e94000000,0x0000006e94100000)]
  0x000001d2ff193e70 JavaThread "Unconstrained build operations Thread 75" [_thread_blocked, id=5720, stack(0x0000006e94100000,0x0000006e94200000)]
  0x000001d2ff194380 JavaThread "Unconstrained build operations Thread 76" [_thread_blocked, id=4292, stack(0x0000006e94200000,0x0000006e94300000)]
  0x000001d2ff194890 JavaThread "Unconstrained build operations Thread 77" [_thread_blocked, id=15516, stack(0x0000006e94300000,0x0000006e94400000)]
  0x000001d2ff191b00 JavaThread "Unconstrained build operations Thread 78" [_thread_blocked, id=12912, stack(0x0000006e94400000,0x0000006e94500000)]
  0x000001d2ff1910e0 JavaThread "Unconstrained build operations Thread 79" [_thread_blocked, id=21448, stack(0x0000006e94500000,0x0000006e94600000)]
  0x000001d2ff194da0 JavaThread "Unconstrained build operations Thread 80" [_thread_blocked, id=20920, stack(0x0000006e94600000,0x0000006e94700000)]
  0x000001d2ff1952b0 JavaThread "jar transforms Thread 4" [_thread_blocked, id=22092, stack(0x0000006e94700000,0x0000006e94800000)]
  0x000001d2ff198550 JavaThread "jar transforms Thread 5" [_thread_blocked, id=17540, stack(0x0000006e94800000,0x0000006e94900000)]
  0x000001d2ff1957c0 JavaThread "jar transforms Thread 6" [_thread_blocked, id=11624, stack(0x0000006e94900000,0x0000006e94a00000)]
  0x000001d2ff197620 JavaThread "build event listener" [_thread_blocked, id=19004, stack(0x0000006e94a00000,0x0000006e94b00000)]
  0x000001d2ff196c00 JavaThread "Problems report writer" [_thread_blocked, id=13024, stack(0x0000006e94b00000,0x0000006e94c00000)]
  0x000001d2a4394440 JavaThread "jar transforms Thread 7" [_thread_blocked, id=21688, stack(0x0000006e8fa00000,0x0000006e8fb00000)]
  0x000001d2a4395880 JavaThread "jar transforms Thread 8" [_thread_blocked, id=20596, stack(0x0000006e8fc00000,0x0000006e8fd00000)]
  0x000001d2a4398b20 JavaThread "Cache worker for execution history cache (E:\english-learner\mobile\android\.gradle\8.13\executionHistory)" [_thread_blocked, id=21712, stack(0x0000006e95000000,0x0000006e95100000)]

Other Threads:
  0x000001d2fd7dc280 VMThread "VM Thread" [stack: 0x0000006e8b500000,0x0000006e8b600000] [id=19768]
  0x000001d2dac84010 WatcherThread [stack: 0x0000006e8c100000,0x0000006e8c200000] [id=22196]
  0x000001d2dac67690 GCTaskThread "GC Thread#0" [stack: 0x0000006e8b000000,0x0000006e8b100000] [id=19944]
  0x000001d2fe2d4440 GCTaskThread "GC Thread#1" [stack: 0x0000006e8c400000,0x0000006e8c500000] [id=21496]
  0x000001d2fe01ec90 GCTaskThread "GC Thread#2" [stack: 0x0000006e8c500000,0x0000006e8c600000] [id=19636]
  0x000001d2fe01ef50 GCTaskThread "GC Thread#3" [stack: 0x0000006e8c600000,0x0000006e8c700000] [id=7496]
  0x000001d2fe254510 GCTaskThread "GC Thread#4" [stack: 0x0000006e8c700000,0x0000006e8c800000] [id=10668]
  0x000001d2fe2547d0 GCTaskThread "GC Thread#5" [stack: 0x0000006e8c800000,0x0000006e8c900000] [id=14312]
  0x000001d2a06c0e80 GCTaskThread "GC Thread#6" [stack: 0x0000006e8d800000,0x0000006e8d900000] [id=21668]
  0x000001d2a06c1400 GCTaskThread "GC Thread#7" [stack: 0x0000006e8d900000,0x0000006e8da00000] [id=8672]
  0x000001d2dac78f00 ConcurrentGCThread "G1 Main Marker" [stack: 0x0000006e8b100000,0x0000006e8b200000] [id=3500]
  0x000001d2dac7be70 ConcurrentGCThread "G1 Conc#0" [stack: 0x0000006e8b200000,0x0000006e8b300000] [id=10352]
  0x000001d2a06c1f00 ConcurrentGCThread "G1 Conc#1" [stack: 0x0000006e8da00000,0x0000006e8db00000] [id=18336]
  0x000001d2dacbd0a0 ConcurrentGCThread "G1 Refine#0" [stack: 0x0000006e8b300000,0x0000006e8b400000] [id=21716]
  0x000001d2dacbd880 ConcurrentGCThread "G1 Service" [stack: 0x0000006e8b400000,0x0000006e8b500000] [id=13920]

Threads with active compile tasks:

VM state: not at safepoint (normal execution)

VM Mutex/Monitor currently owned by a thread:  ([mutex/lock_event])
[0x000001d2dabe97a0] Heap_lock - owner thread: 0x000001d2fe431700

Heap address: 0x0000000700000000, size: 4096 MB, Compressed Oops mode: Zero based, Oop shift amount: 3

CDS archive(s) mapped at: [0x000001d280000000-0x000001d280bd0000-0x000001d280bd0000), size 12386304, SharedBaseAddress: 0x000001d280000000, ArchiveRelocationMode: 1.
Compressed class space mapped at: 0x000001d281000000-0x000001d29b000000, reserved size: 436207616
Narrow klass base: 0x000001d280000000, Narrow klass shift: 0, Narrow klass range: 0x100000000

GC Precious Log:
 CPUs: 8 total, 8 available
 Memory: 16259M
 Large Page Support: Disabled
 NUMA Support: Disabled
 Compressed Oops: Enabled (Zero based)
 Heap Region Size: 2M
 Heap Min Capacity: 8M
 Heap Initial Capacity: 256M
 Heap Max Capacity: 4G
 Pre-touch: Disabled
 Parallel Workers: 8
 Concurrent Workers: 2
 Concurrent Refinement Workers: 8
 Periodic GC: Disabled

Heap:
 garbage-first heap   total 1343488K, used 612918K [0x0000000700000000, 0x0000000800000000)
  region size 2048K, 1 young (2048K), 1 survivors (2048K)
 Metaspace       used 113370K, committed 114496K, reserved 557056K
  class space    used 15775K, committed 16320K, reserved 425984K

Heap Regions: E=young(eden), S=young(survivor), O=old, HS=humongous(starts), HC=humongous(continues), CS=collection set, F=free, OA=open archive, CA=closed archive, TAMS=top-at-mark-start (previous, next)
|   0|0x0000000700000000, 0x0000000700200000, 0x0000000700200000|100%|HS|  |TAMS 0x0000000700200000, 0x0000000700200000| Complete 
|   1|0x0000000700200000, 0x0000000700400000, 0x0000000700400000|100%|HC|  |TAMS 0x0000000700400000, 0x0000000700400000| Complete 
|   2|0x0000000700400000, 0x0000000700600000, 0x0000000700600000|100%| O|  |TAMS 0x0000000700600000, 0x0000000700600000| Untracked 
|   3|0x0000000700600000, 0x0000000700800000, 0x0000000700800000|100%| O|  |TAMS 0x0000000700800000, 0x0000000700800000| Untracked 
|   4|0x0000000700800000, 0x0000000700a00000, 0x0000000700a00000|100%| O|  |TAMS 0x0000000700a00000, 0x0000000700a00000| Untracked 
|   5|0x0000000700a00000, 0x0000000700c00000, 0x0000000700c00000|100%| O|  |TAMS 0x0000000700c00000, 0x0000000700c00000| Untracked 
|   6|0x0000000700c00000, 0x0000000700e00000, 0x0000000700e00000|100%| O|  |TAMS 0x0000000700e00000, 0x0000000700e00000| Untracked 
|   7|0x0000000700e00000, 0x0000000701000000, 0x0000000701000000|100%| O|  |TAMS 0x0000000701000000, 0x0000000701000000| Untracked 
|   8|0x0000000701000000, 0x0000000701200000, 0x0000000701200000|100%| O|  |TAMS 0x0000000701200000, 0x0000000701200000| Untracked 
|   9|0x0000000701200000, 0x0000000701400000, 0x0000000701400000|100%| O|  |TAMS 0x0000000701400000, 0x0000000701400000| Untracked 
|  10|0x0000000701400000, 0x0000000701600000, 0x0000000701600000|100%| O|  |TAMS 0x0000000701600000, 0x0000000701600000| Untracked 
|  11|0x0000000701600000, 0x0000000701800000, 0x0000000701800000|100%| O|  |TAMS 0x0000000701800000, 0x0000000701800000| Untracked 
|  12|0x0000000701800000, 0x0000000701a00000, 0x0000000701a00000|100%| O|  |TAMS 0x0000000701a00000, 0x0000000701a00000| Untracked 
|  13|0x0000000701a00000, 0x0000000701c00000, 0x0000000701c00000|100%| O|  |TAMS 0x0000000701c00000, 0x0000000701c00000| Untracked 
|  14|0x0000000701c00000, 0x0000000701e00000, 0x0000000701e00000|100%| O|  |TAMS 0x0000000701e00000, 0x0000000701e00000| Untracked 
|  15|0x0000000701e00000, 0x0000000702000000, 0x0000000702000000|100%| O|  |TAMS 0x0000000702000000, 0x0000000702000000| Untracked 
|  16|0x0000000702000000, 0x0000000702200000, 0x0000000702200000|100%|HS|  |TAMS 0x0000000702200000, 0x0000000702200000| Complete 
|  17|0x0000000702200000, 0x0000000702400000, 0x0000000702400000|100%|HC|  |TAMS 0x0000000702400000, 0x0000000702400000| Complete 
|  18|0x0000000702400000, 0x0000000702600000, 0x0000000702600000|100%|HS|  |TAMS 0x0000000702600000, 0x0000000702600000| Complete 
|  19|0x0000000702600000, 0x0000000702800000, 0x0000000702800000|100%|HC|  |TAMS 0x0000000702800000, 0x0000000702800000| Complete 
|  20|0x0000000702800000, 0x0000000702a00000, 0x0000000702a00000|100%| O|  |TAMS 0x0000000702a00000, 0x0000000702a00000| Untracked 
|  21|0x0000000702a00000, 0x0000000702c00000, 0x0000000702c00000|100%| O|  |TAMS 0x0000000702c00000, 0x0000000702c00000| Untracked 
|  22|0x0000000702c00000, 0x0000000702e00000, 0x0000000702e00000|100%| O|  |TAMS 0x0000000702e00000, 0x0000000702e00000| Untracked 
|  23|0x0000000702e00000, 0x0000000703000000, 0x0000000703000000|100%| O|  |TAMS 0x0000000703000000, 0x0000000703000000| Untracked 
|  24|0x0000000703000000, 0x0000000703200000, 0x0000000703200000|100%| O|  |TAMS 0x0000000703200000, 0x0000000703200000| Untracked 
|  25|0x0000000703200000, 0x0000000703400000, 0x0000000703400000|100%| O|  |TAMS 0x0000000703400000, 0x0000000703400000| Untracked 
|  26|0x0000000703400000, 0x0000000703600000, 0x0000000703600000|100%| O|  |TAMS 0x0000000703600000, 0x0000000703600000| Untracked 
|  27|0x0000000703600000, 0x0000000703800000, 0x0000000703800000|100%| O|  |TAMS 0x0000000703800000, 0x0000000703800000| Untracked 
|  28|0x0000000703800000, 0x0000000703a00000, 0x0000000703a00000|100%| O|  |TAMS 0x0000000703a00000, 0x0000000703a00000| Untracked 
|  29|0x0000000703a00000, 0x0000000703c00000, 0x0000000703c00000|100%| O|  |TAMS 0x0000000703c00000, 0x0000000703c00000| Untracked 
|  30|0x0000000703c00000, 0x0000000703e00000, 0x0000000703e00000|100%| O|  |TAMS 0x0000000703e00000, 0x0000000703e00000| Untracked 
|  31|0x0000000703e00000, 0x0000000704000000, 0x0000000704000000|100%| O|  |TAMS 0x0000000704000000, 0x0000000704000000| Untracked 
|  32|0x0000000704000000, 0x0000000704200000, 0x0000000704200000|100%| O|  |TAMS 0x0000000704200000, 0x0000000704200000| Untracked 
|  33|0x0000000704200000, 0x0000000704400000, 0x0000000704400000|100%| O|  |TAMS 0x0000000704400000, 0x0000000704400000| Untracked 
|  34|0x0000000704400000, 0x0000000704600000, 0x0000000704600000|100%| O|  |TAMS 0x0000000704600000, 0x0000000704600000| Untracked 
|  35|0x0000000704600000, 0x0000000704800000, 0x0000000704800000|100%| O|  |TAMS 0x0000000704800000, 0x0000000704800000| Untracked 
|  36|0x0000000704800000, 0x0000000704a00000, 0x0000000704a00000|100%| O|  |TAMS 0x0000000704a00000, 0x0000000704a00000| Untracked 
|  37|0x0000000704a00000, 0x0000000704c00000, 0x0000000704c00000|100%| O|  |TAMS 0x0000000704a00000, 0x0000000704a00000| Untracked 
|  38|0x0000000704c00000, 0x0000000704e00000, 0x0000000704e00000|100%| O|  |TAMS 0x0000000704e00000, 0x0000000704e00000| Untracked 
|  39|0x0000000704e00000, 0x0000000705000000, 0x0000000705000000|100%| O|  |TAMS 0x0000000705000000, 0x0000000705000000| Untracked 
|  40|0x0000000705000000, 0x0000000705200000, 0x0000000705200000|100%| O|  |TAMS 0x0000000705200000, 0x0000000705200000| Untracked 
|  41|0x0000000705200000, 0x0000000705400000, 0x0000000705400000|100%| O|  |TAMS 0x0000000705400000, 0x0000000705400000| Untracked 
|  42|0x0000000705400000, 0x0000000705600000, 0x0000000705600000|100%| O|  |TAMS 0x0000000705600000, 0x0000000705600000| Untracked 
|  43|0x0000000705600000, 0x0000000705800000, 0x0000000705800000|100%| O|  |TAMS 0x0000000705800000, 0x0000000705800000| Untracked 
|  44|0x0000000705800000, 0x0000000705a00000, 0x0000000705a00000|100%| O|  |TAMS 0x0000000705a00000, 0x0000000705a00000| Untracked 
|  45|0x0000000705a00000, 0x0000000705c00000, 0x0000000705c00000|100%| O|  |TAMS 0x0000000705c00000, 0x0000000705c00000| Untracked 
|  46|0x0000000705c00000, 0x0000000705e00000, 0x0000000705e00000|100%|HS|  |TAMS 0x0000000705e00000, 0x0000000705e00000| Complete 
|  47|0x0000000705e00000, 0x0000000706000000, 0x0000000706000000|100%|HC|  |TAMS 0x0000000706000000, 0x0000000706000000| Complete 
|  48|0x0000000706000000, 0x0000000706200000, 0x0000000706200000|100%| O|  |TAMS 0x0000000706200000, 0x0000000706200000| Untracked 
|  49|0x0000000706200000, 0x0000000706400000, 0x0000000706400000|100%| O|  |TAMS 0x0000000706400000, 0x0000000706400000| Untracked 
|  50|0x0000000706400000, 0x0000000706600000, 0x0000000706600000|100%| O|  |TAMS 0x0000000706600000, 0x0000000706600000| Untracked 
|  51|0x0000000706600000, 0x0000000706800000, 0x0000000706800000|100%| O|  |TAMS 0x0000000706800000, 0x0000000706800000| Untracked 
|  52|0x0000000706800000, 0x0000000706a00000, 0x0000000706a00000|100%| O|  |TAMS 0x0000000706a00000, 0x0000000706a00000| Untracked 
|  53|0x0000000706a00000, 0x0000000706c00000, 0x0000000706c00000|100%| O|  |TAMS 0x0000000706c00000, 0x0000000706c00000| Untracked 
|  54|0x0000000706c00000, 0x0000000706e00000, 0x0000000706e00000|100%| O|  |TAMS 0x0000000706e00000, 0x0000000706e00000| Untracked 
|  55|0x0000000706e00000, 0x0000000707000000, 0x0000000707000000|100%| O|  |TAMS 0x0000000707000000, 0x0000000707000000| Untracked 
|  56|0x0000000707000000, 0x0000000707200000, 0x0000000707200000|100%| O|  |TAMS 0x0000000707200000, 0x0000000707200000| Untracked 
|  57|0x0000000707200000, 0x0000000707400000, 0x0000000707400000|100%|HS|  |TAMS 0x0000000707400000, 0x0000000707400000| Complete 
|  58|0x0000000707400000, 0x0000000707600000, 0x0000000707600000|100%| O|  |TAMS 0x0000000707600000, 0x0000000707600000| Untracked 
|  59|0x0000000707600000, 0x0000000707800000, 0x0000000707800000|100%| O|  |TAMS 0x0000000707800000, 0x0000000707800000| Untracked 
|  60|0x0000000707800000, 0x0000000707a00000, 0x0000000707a00000|100%| O|  |TAMS 0x0000000707a00000, 0x0000000707a00000| Untracked 
|  61|0x0000000707a00000, 0x0000000707c00000, 0x0000000707c00000|100%| O|  |TAMS 0x0000000707a00000, 0x0000000707a00000| Untracked 
|  62|0x0000000707c00000, 0x0000000707e00000, 0x0000000707e00000|100%| O|  |TAMS 0x0000000707e00000, 0x0000000707e00000| Untracked 
|  63|0x0000000707e00000, 0x0000000708000000, 0x0000000708000000|100%| O|  |TAMS 0x0000000708000000, 0x0000000708000000| Untracked 
|  64|0x0000000708000000, 0x0000000708200000, 0x0000000708200000|100%| O|  |TAMS 0x0000000708200000, 0x0000000708200000| Untracked 
|  65|0x0000000708200000, 0x0000000708400000, 0x0000000708400000|100%| O|  |TAMS 0x0000000708400000, 0x0000000708400000| Untracked 
|  66|0x0000000708400000, 0x0000000708600000, 0x0000000708600000|100%| O|  |TAMS 0x0000000708600000, 0x0000000708600000| Untracked 
|  67|0x0000000708600000, 0x0000000708800000, 0x0000000708800000|100%| O|  |TAMS 0x0000000708800000, 0x0000000708800000| Untracked 
|  68|0x0000000708800000, 0x0000000708a00000, 0x0000000708a00000|100%| O|  |TAMS 0x0000000708a00000, 0x0000000708a00000| Untracked 
|  69|0x0000000708a00000, 0x0000000708c00000, 0x0000000708c00000|100%| O|  |TAMS 0x0000000708c00000, 0x0000000708c00000| Untracked 
|  70|0x0000000708c00000, 0x0000000708e00000, 0x0000000708e00000|100%| O|  |TAMS 0x0000000708e00000, 0x0000000708e00000| Untracked 
|  71|0x0000000708e00000, 0x0000000709000000, 0x0000000709000000|100%| O|  |TAMS 0x0000000709000000, 0x0000000709000000| Untracked 
|  72|0x0000000709000000, 0x0000000709200000, 0x0000000709200000|100%| O|  |TAMS 0x0000000709200000, 0x0000000709200000| Untracked 
|  73|0x0000000709200000, 0x0000000709400000, 0x0000000709400000|100%| O|  |TAMS 0x0000000709400000, 0x0000000709400000| Untracked 
|  74|0x0000000709400000, 0x0000000709600000, 0x0000000709600000|100%| O|  |TAMS 0x0000000709600000, 0x0000000709600000| Untracked 
|  75|0x0000000709600000, 0x0000000709800000, 0x0000000709800000|100%| O|  |TAMS 0x000000070971c600, 0x0000000709800000| Untracked 
|  76|0x0000000709800000, 0x0000000709a00000, 0x0000000709a00000|100%| O|  |TAMS 0x0000000709800000, 0x0000000709800000| Untracked 
|  77|0x0000000709a00000, 0x0000000709c00000, 0x0000000709c00000|100%| O|  |TAMS 0x0000000709a00000, 0x0000000709a00000| Untracked 
|  78|0x0000000709c00000, 0x0000000709e00000, 0x0000000709e00000|100%|HS|  |TAMS 0x0000000709c00000, 0x0000000709e00000| Complete 
|  79|0x0000000709e00000, 0x000000070a000000, 0x000000070a000000|100%| O|  |TAMS 0x0000000709e00000, 0x0000000709e00000| Untracked 
|  80|0x000000070a000000, 0x000000070a200000, 0x000000070a200000|100%| O|  |TAMS 0x000000070a000000, 0x000000070a000000| Untracked 
|  81|0x000000070a200000, 0x000000070a400000, 0x000000070a400000|100%| O|  |TAMS 0x000000070a200000, 0x000000070a200000| Untracked 
|  82|0x000000070a400000, 0x000000070a600000, 0x000000070a600000|100%| O|  |TAMS 0x000000070a400000, 0x000000070a400000| Untracked 
|  83|0x000000070a600000, 0x000000070a800000, 0x000000070a800000|100%| O|  |TAMS 0x000000070a600000, 0x000000070a600000| Untracked 
|  84|0x000000070a800000, 0x000000070aa00000, 0x000000070aa00000|100%| O|  |TAMS 0x000000070a800000, 0x000000070a800000| Untracked 
|  85|0x000000070aa00000, 0x000000070ac00000, 0x000000070ac00000|100%| O|  |TAMS 0x000000070aa00000, 0x000000070aa00000| Untracked 
|  86|0x000000070ac00000, 0x000000070ae00000, 0x000000070ae00000|100%| O|  |TAMS 0x000000070ac00000, 0x000000070ac00000| Untracked 
|  87|0x000000070ae00000, 0x000000070b000000, 0x000000070b000000|100%|HS|  |TAMS 0x000000070ae00000, 0x000000070b000000| Complete 
|  88|0x000000070b000000, 0x000000070b200000, 0x000000070b200000|100%|HC|  |TAMS 0x000000070b000000, 0x000000070b200000| Complete 
|  89|0x000000070b200000, 0x000000070b400000, 0x000000070b400000|100%|HC|  |TAMS 0x000000070b200000, 0x000000070b400000| Complete 
|  90|0x000000070b400000, 0x000000070b600000, 0x000000070b600000|100%| O|  |TAMS 0x000000070b400000, 0x000000070b400000| Untracked 
|  91|0x000000070b600000, 0x000000070b800000, 0x000000070b800000|100%| O|  |TAMS 0x000000070b600000, 0x000000070b600000| Untracked 
|  92|0x000000070b800000, 0x000000070ba00000, 0x000000070ba00000|100%| O|  |TAMS 0x000000070b800000, 0x000000070b800000| Untracked 
|  93|0x000000070ba00000, 0x000000070bba4000, 0x000000070bc00000| 82%| O|  |TAMS 0x000000070ba00000, 0x000000070ba00000| Untracked 
|  94|0x000000070bc00000, 0x000000070bc00000, 0x000000070be00000|  0%| F|  |TAMS 0x000000070bc00000, 0x000000070bc00000| Untracked 
|  95|0x000000070be00000, 0x000000070be00000, 0x000000070c000000|  0%| F|  |TAMS 0x000000070be00000, 0x000000070be00000| Untracked 
|  96|0x000000070c000000, 0x000000070c000000, 0x000000070c200000|  0%| F|  |TAMS 0x000000070c000000, 0x000000070c000000| Untracked 
|  97|0x000000070c200000, 0x000000070c200000, 0x000000070c400000|  0%| F|  |TAMS 0x000000070c200000, 0x000000070c200000| Untracked 
|  98|0x000000070c400000, 0x000000070c400000, 0x000000070c600000|  0%| F|  |TAMS 0x000000070c400000, 0x000000070c400000| Untracked 
|  99|0x000000070c600000, 0x000000070c600000, 0x000000070c800000|  0%| F|  |TAMS 0x000000070c600000, 0x000000070c600000| Untracked 
| 100|0x000000070c800000, 0x000000070ca00000, 0x000000070ca00000|100%|HS|  |TAMS 0x000000070c800000, 0x000000070ca00000| Complete 
| 101|0x000000070ca00000, 0x000000070cc00000, 0x000000070cc00000|100%|HC|  |TAMS 0x000000070ca00000, 0x000000070cc00000| Complete 
| 102|0x000000070cc00000, 0x000000070ce00000, 0x000000070ce00000|100%|HC|  |TAMS 0x000000070cc00000, 0x000000070ce00000| Complete 
| 103|0x000000070ce00000, 0x000000070ce00000, 0x000000070d000000|  0%| F|  |TAMS 0x000000070ce00000, 0x000000070ce00000| Untracked 
| 104|0x000000070d000000, 0x000000070d000000, 0x000000070d200000|  0%| F|  |TAMS 0x000000070d000000, 0x000000070d000000| Untracked 
| 105|0x000000070d200000, 0x000000070d200000, 0x000000070d400000|  0%| F|  |TAMS 0x000000070d200000, 0x000000070d200000| Untracked 
| 106|0x000000070d400000, 0x000000070d400000, 0x000000070d600000|  0%| F|  |TAMS 0x000000070d400000, 0x000000070d400000| Untracked 
| 107|0x000000070d600000, 0x000000070d600000, 0x000000070d800000|  0%| F|  |TAMS 0x000000070d600000, 0x000000070d600000| Untracked 
| 108|0x000000070d800000, 0x000000070d800000, 0x000000070da00000|  0%| F|  |TAMS 0x000000070d800000, 0x000000070d800000| Untracked 
| 109|0x000000070da00000, 0x000000070da00000, 0x000000070dc00000|  0%| F|  |TAMS 0x000000070da00000, 0x000000070da00000| Untracked 
| 110|0x000000070dc00000, 0x000000070dc00000, 0x000000070de00000|  0%| F|  |TAMS 0x000000070dc00000, 0x000000070dc00000| Untracked 
| 111|0x000000070de00000, 0x000000070de00000, 0x000000070e000000|  0%| F|  |TAMS 0x000000070de00000, 0x000000070de00000| Untracked 
| 112|0x000000070e000000, 0x000000070e000000, 0x000000070e200000|  0%| F|  |TAMS 0x000000070e000000, 0x000000070e000000| Untracked 
| 113|0x000000070e200000, 0x000000070e200000, 0x000000070e400000|  0%| F|  |TAMS 0x000000070e200000, 0x000000070e200000| Untracked 
| 114|0x000000070e400000, 0x000000070e600000, 0x000000070e600000|100%| O|  |TAMS 0x000000070e400000, 0x000000070e57ae00| Untracked 
| 115|0x000000070e600000, 0x000000070e800000, 0x000000070e800000|100%|HS|  |TAMS 0x000000070e600000, 0x000000070e800000| Complete 
| 116|0x000000070e800000, 0x000000070ea00000, 0x000000070ea00000|100%|HC|  |TAMS 0x000000070e800000, 0x000000070ea00000| Complete 
| 117|0x000000070ea00000, 0x000000070ec00000, 0x000000070ec00000|100%|HC|  |TAMS 0x000000070ea00000, 0x000000070ec00000| Complete 
| 118|0x000000070ec00000, 0x000000070ee00000, 0x000000070ee00000|100%|HC|  |TAMS 0x000000070ec00000, 0x000000070ee00000| Complete 
| 119|0x000000070ee00000, 0x000000070f000000, 0x000000070f000000|100%|HC|  |TAMS 0x000000070ee00000, 0x000000070f000000| Complete 
| 120|0x000000070f000000, 0x000000070f200000, 0x000000070f200000|100%|HC|  |TAMS 0x000000070f000000, 0x000000070f200000| Complete 
| 121|0x000000070f200000, 0x000000070f400000, 0x000000070f400000|100%|HC|  |TAMS 0x000000070f200000, 0x000000070f400000| Complete 
| 122|0x000000070f400000, 0x000000070f600000, 0x000000070f600000|100%|HC|  |TAMS 0x000000070f400000, 0x000000070f600000| Complete 
| 123|0x000000070f600000, 0x000000070f800000, 0x000000070f800000|100%|HC|  |TAMS 0x000000070f600000, 0x000000070f800000| Complete 
| 124|0x000000070f800000, 0x000000070fa00000, 0x000000070fa00000|100%|HC|  |TAMS 0x000000070f800000, 0x000000070fa00000| Complete 
| 125|0x000000070fa00000, 0x000000070fc00000, 0x000000070fc00000|100%|HC|  |TAMS 0x000000070fa00000, 0x000000070fc00000| Complete 
| 126|0x000000070fc00000, 0x000000070fe00000, 0x000000070fe00000|100%|HS|  |TAMS 0x000000070fc00000, 0x000000070fe00000| Complete 
| 127|0x000000070fe00000, 0x0000000710000000, 0x0000000710000000|100%|HS|  |TAMS 0x000000070fe00000, 0x0000000710000000| Complete 
| 128|0x0000000710000000, 0x0000000710000000, 0x0000000710200000|  0%| F|  |TAMS 0x0000000710000000, 0x0000000710000000| Untracked 
| 129|0x0000000710200000, 0x0000000710200000, 0x0000000710400000|  0%| F|  |TAMS 0x0000000710200000, 0x0000000710200000| Untracked 
| 130|0x0000000710400000, 0x0000000710400000, 0x0000000710600000|  0%| F|  |TAMS 0x0000000710400000, 0x0000000710400000| Untracked 
| 131|0x0000000710600000, 0x0000000710600000, 0x0000000710800000|  0%| F|  |TAMS 0x0000000710600000, 0x0000000710600000| Untracked 
| 132|0x0000000710800000, 0x0000000710800000, 0x0000000710a00000|  0%| F|  |TAMS 0x0000000710800000, 0x0000000710800000| Untracked 
| 133|0x0000000710a00000, 0x0000000710a00000, 0x0000000710c00000|  0%| F|  |TAMS 0x0000000710a00000, 0x0000000710a00000| Untracked 
| 134|0x0000000710c00000, 0x0000000710c00000, 0x0000000710e00000|  0%| F|  |TAMS 0x0000000710c00000, 0x0000000710c00000| Untracked 
| 135|0x0000000710e00000, 0x0000000710e00000, 0x0000000711000000|  0%| F|  |TAMS 0x0000000710e00000, 0x0000000710e00000| Untracked 
| 136|0x0000000711000000, 0x0000000711000000, 0x0000000711200000|  0%| F|  |TAMS 0x0000000711000000, 0x0000000711000000| Untracked 
| 137|0x0000000711200000, 0x0000000711200000, 0x0000000711400000|  0%| F|  |TAMS 0x0000000711200000, 0x0000000711200000| Untracked 
| 138|0x0000000711400000, 0x0000000711400000, 0x0000000711600000|  0%| F|  |TAMS 0x0000000711400000, 0x0000000711400000| Untracked 
| 139|0x0000000711600000, 0x0000000711600000, 0x0000000711800000|  0%| F|  |TAMS 0x0000000711600000, 0x0000000711600000| Untracked 
| 140|0x0000000711800000, 0x0000000711800000, 0x0000000711a00000|  0%| F|  |TAMS 0x0000000711800000, 0x0000000711800000| Untracked 
| 141|0x0000000711a00000, 0x0000000711a00000, 0x0000000711c00000|  0%| F|  |TAMS 0x0000000711a00000, 0x0000000711a00000| Untracked 
| 142|0x0000000711c00000, 0x0000000711c00000, 0x0000000711e00000|  0%| F|  |TAMS 0x0000000711c00000, 0x0000000711c00000| Untracked 
| 143|0x0000000711e00000, 0x0000000711e00000, 0x0000000712000000|  0%| F|  |TAMS 0x0000000711e00000, 0x0000000711e00000| Untracked 
| 144|0x0000000712000000, 0x0000000712000000, 0x0000000712200000|  0%| F|  |TAMS 0x0000000712000000, 0x0000000712000000| Untracked 
| 145|0x0000000712200000, 0x0000000712200000, 0x0000000712400000|  0%| F|  |TAMS 0x0000000712200000, 0x0000000712200000| Untracked 
| 146|0x0000000712400000, 0x0000000712400000, 0x0000000712600000|  0%| F|  |TAMS 0x0000000712400000, 0x0000000712400000| Untracked 
| 147|0x0000000712600000, 0x0000000712600000, 0x0000000712800000|  0%| F|  |TAMS 0x0000000712600000, 0x0000000712600000| Untracked 
| 148|0x0000000712800000, 0x0000000712800000, 0x0000000712a00000|  0%| F|  |TAMS 0x0000000712800000, 0x0000000712800000| Untracked 
| 149|0x0000000712a00000, 0x0000000712a00000, 0x0000000712c00000|  0%| F|  |TAMS 0x0000000712a00000, 0x0000000712a00000| Untracked 
| 150|0x0000000712c00000, 0x0000000712c00000, 0x0000000712e00000|  0%| F|  |TAMS 0x0000000712c00000, 0x0000000712c00000| Untracked 
| 151|0x0000000712e00000, 0x0000000712e00000, 0x0000000713000000|  0%| F|  |TAMS 0x0000000712e00000, 0x0000000712e00000| Untracked 
| 152|0x0000000713000000, 0x0000000713000000, 0x0000000713200000|  0%| F|  |TAMS 0x0000000713000000, 0x0000000713000000| Untracked 
| 153|0x0000000713200000, 0x0000000713200000, 0x0000000713400000|  0%| F|  |TAMS 0x0000000713200000, 0x0000000713200000| Untracked 
| 154|0x0000000713400000, 0x0000000713400000, 0x0000000713600000|  0%| F|  |TAMS 0x0000000713400000, 0x0000000713400000| Untracked 
| 155|0x0000000713600000, 0x0000000713600000, 0x0000000713800000|  0%| F|  |TAMS 0x0000000713600000, 0x0000000713600000| Untracked 
| 156|0x0000000713800000, 0x0000000713800000, 0x0000000713a00000|  0%| F|  |TAMS 0x0000000713800000, 0x0000000713800000| Untracked 
| 157|0x0000000713a00000, 0x0000000713a00000, 0x0000000713c00000|  0%| F|  |TAMS 0x0000000713a00000, 0x0000000713a00000| Untracked 
| 158|0x0000000713c00000, 0x0000000713c00000, 0x0000000713e00000|  0%| F|  |TAMS 0x0000000713c00000, 0x0000000713c00000| Untracked 
| 159|0x0000000713e00000, 0x0000000713e00000, 0x0000000714000000|  0%| F|  |TAMS 0x0000000713e00000, 0x0000000713e00000| Untracked 
| 160|0x0000000714000000, 0x0000000714000000, 0x0000000714200000|  0%| F|  |TAMS 0x0000000714000000, 0x0000000714000000| Untracked 
| 161|0x0000000714200000, 0x0000000714200000, 0x0000000714400000|  0%| F|  |TAMS 0x0000000714200000, 0x0000000714200000| Untracked 
| 162|0x0000000714400000, 0x0000000714400000, 0x0000000714600000|  0%| F|  |TAMS 0x0000000714400000, 0x0000000714400000| Untracked 
| 163|0x0000000714600000, 0x0000000714600000, 0x0000000714800000|  0%| F|  |TAMS 0x0000000714600000, 0x0000000714600000| Untracked 
| 164|0x0000000714800000, 0x0000000714800000, 0x0000000714a00000|  0%| F|  |TAMS 0x0000000714800000, 0x0000000714800000| Untracked 
| 165|0x0000000714a00000, 0x0000000714a00000, 0x0000000714c00000|  0%| F|  |TAMS 0x0000000714a00000, 0x0000000714a00000| Untracked 
| 166|0x0000000714c00000, 0x0000000714c00000, 0x0000000714e00000|  0%| F|  |TAMS 0x0000000714c00000, 0x0000000714c00000| Untracked 
| 167|0x0000000714e00000, 0x0000000714e00000, 0x0000000715000000|  0%| F|  |TAMS 0x0000000714e00000, 0x0000000714e00000| Untracked 
| 168|0x0000000715000000, 0x0000000715000000, 0x0000000715200000|  0%| F|  |TAMS 0x0000000715000000, 0x0000000715000000| Untracked 
| 169|0x0000000715200000, 0x0000000715400000, 0x0000000715400000|100%|HS|  |TAMS 0x0000000715200000, 0x0000000715400000| Complete 
| 170|0x0000000715400000, 0x0000000715600000, 0x0000000715600000|100%|HC|  |TAMS 0x0000000715400000, 0x0000000715600000| Complete 
| 171|0x0000000715600000, 0x0000000715800000, 0x0000000715800000|100%|HC|  |TAMS 0x0000000715600000, 0x0000000715800000| Complete 
| 172|0x0000000715800000, 0x0000000715a00000, 0x0000000715a00000|100%|HC|  |TAMS 0x0000000715800000, 0x0000000715a00000| Complete 
| 173|0x0000000715a00000, 0x0000000715c00000, 0x0000000715c00000|100%|HC|  |TAMS 0x0000000715a00000, 0x0000000715c00000| Complete 
| 174|0x0000000715c00000, 0x0000000715e00000, 0x0000000715e00000|100%|HC|  |TAMS 0x0000000715c00000, 0x0000000715e00000| Complete 
| 175|0x0000000715e00000, 0x0000000716000000, 0x0000000716000000|100%|HC|  |TAMS 0x0000000715e00000, 0x0000000716000000| Complete 
| 176|0x0000000716000000, 0x0000000716200000, 0x0000000716200000|100%|HC|  |TAMS 0x0000000716000000, 0x0000000716200000| Complete 
| 177|0x0000000716200000, 0x0000000716400000, 0x0000000716400000|100%|HC|  |TAMS 0x0000000716200000, 0x0000000716400000| Complete 
| 178|0x0000000716400000, 0x0000000716600000, 0x0000000716600000|100%|HC|  |TAMS 0x0000000716400000, 0x0000000716600000| Complete 
| 179|0x0000000716600000, 0x0000000716800000, 0x0000000716800000|100%|HC|  |TAMS 0x0000000716600000, 0x0000000716800000| Complete 
| 180|0x0000000716800000, 0x0000000716800000, 0x0000000716a00000|  0%| F|  |TAMS 0x0000000716800000, 0x0000000716800000| Untracked 
| 181|0x0000000716a00000, 0x0000000716a00000, 0x0000000716c00000|  0%| F|  |TAMS 0x0000000716a00000, 0x0000000716a00000| Untracked 
| 182|0x0000000716c00000, 0x0000000716c00000, 0x0000000716e00000|  0%| F|  |TAMS 0x0000000716c00000, 0x0000000716c00000| Untracked 
| 183|0x0000000716e00000, 0x0000000716e00000, 0x0000000717000000|  0%| F|  |TAMS 0x0000000716e00000, 0x0000000716e00000| Untracked 
| 184|0x0000000717000000, 0x0000000717000000, 0x0000000717200000|  0%| F|  |TAMS 0x0000000717000000, 0x0000000717000000| Untracked 
| 185|0x0000000717200000, 0x0000000717200000, 0x0000000717400000|  0%| F|  |TAMS 0x0000000717200000, 0x0000000717200000| Untracked 
| 186|0x0000000717400000, 0x0000000717400000, 0x0000000717600000|  0%| F|  |TAMS 0x0000000717400000, 0x0000000717400000| Untracked 
| 187|0x0000000717600000, 0x0000000717600000, 0x0000000717800000|  0%| F|  |TAMS 0x0000000717600000, 0x0000000717600000| Untracked 
| 188|0x0000000717800000, 0x0000000717800000, 0x0000000717a00000|  0%| F|  |TAMS 0x0000000717800000, 0x0000000717800000| Untracked 
| 189|0x0000000717a00000, 0x0000000717a00000, 0x0000000717c00000|  0%| F|  |TAMS 0x0000000717a00000, 0x0000000717a00000| Untracked 
| 190|0x0000000717c00000, 0x0000000717c00000, 0x0000000717e00000|  0%| F|  |TAMS 0x0000000717c00000, 0x0000000717c00000| Untracked 
| 191|0x0000000717e00000, 0x0000000718000000, 0x0000000718000000|100%|HS|  |TAMS 0x0000000717e00000, 0x0000000718000000| Complete 
| 192|0x0000000718000000, 0x0000000718200000, 0x0000000718200000|100%|HC|  |TAMS 0x0000000718000000, 0x0000000718200000| Complete 
| 193|0x0000000718200000, 0x0000000718400000, 0x0000000718400000|100%|HC|  |TAMS 0x0000000718200000, 0x0000000718400000| Complete 
| 194|0x0000000718400000, 0x0000000718600000, 0x0000000718600000|100%|HC|  |TAMS 0x0000000718400000, 0x0000000718600000| Complete 
| 195|0x0000000718600000, 0x0000000718600000, 0x0000000718800000|  0%| F|  |TAMS 0x0000000718600000, 0x0000000718600000| Untracked 
| 196|0x0000000718800000, 0x0000000718800000, 0x0000000718a00000|  0%| F|  |TAMS 0x0000000718800000, 0x0000000718800000| Untracked 
| 197|0x0000000718a00000, 0x0000000718a00000, 0x0000000718c00000|  0%| F|  |TAMS 0x0000000718a00000, 0x0000000718a00000| Untracked 
| 198|0x0000000718c00000, 0x0000000718c00000, 0x0000000718e00000|  0%| F|  |TAMS 0x0000000718c00000, 0x0000000718c00000| Untracked 
| 199|0x0000000718e00000, 0x0000000718e00000, 0x0000000719000000|  0%| F|  |TAMS 0x0000000718e00000, 0x0000000718e00000| Untracked 
| 200|0x0000000719000000, 0x0000000719000000, 0x0000000719200000|  0%| F|  |TAMS 0x0000000719000000, 0x0000000719000000| Untracked 
| 201|0x0000000719200000, 0x0000000719200000, 0x0000000719400000|  0%| F|  |TAMS 0x0000000719200000, 0x0000000719200000| Untracked 
| 202|0x0000000719400000, 0x0000000719400000, 0x0000000719600000|  0%| F|  |TAMS 0x0000000719400000, 0x0000000719400000| Untracked 
| 203|0x0000000719600000, 0x0000000719600000, 0x0000000719800000|  0%| F|  |TAMS 0x0000000719600000, 0x0000000719600000| Untracked 
| 204|0x0000000719800000, 0x0000000719800000, 0x0000000719a00000|  0%| F|  |TAMS 0x0000000719800000, 0x0000000719800000| Untracked 
| 205|0x0000000719a00000, 0x0000000719a00000, 0x0000000719c00000|  0%| F|  |TAMS 0x0000000719a00000, 0x0000000719a00000| Untracked 
| 206|0x0000000719c00000, 0x0000000719e00000, 0x0000000719e00000|100%|HS|  |TAMS 0x0000000719c00000, 0x0000000719e00000| Complete 
| 207|0x0000000719e00000, 0x000000071a000000, 0x000000071a000000|100%|HC|  |TAMS 0x0000000719e00000, 0x000000071a000000| Complete 
| 208|0x000000071a000000, 0x000000071a200000, 0x000000071a200000|100%|HC|  |TAMS 0x000000071a000000, 0x000000071a200000| Complete 
| 209|0x000000071a200000, 0x000000071a200000, 0x000000071a400000|  0%| F|  |TAMS 0x000000071a200000, 0x000000071a200000| Untracked 
| 210|0x000000071a400000, 0x000000071a400000, 0x000000071a600000|  0%| F|  |TAMS 0x000000071a400000, 0x000000071a400000| Untracked 
| 211|0x000000071a600000, 0x000000071a600000, 0x000000071a800000|  0%| F|  |TAMS 0x000000071a600000, 0x000000071a600000| Untracked 
| 212|0x000000071a800000, 0x000000071a800000, 0x000000071aa00000|  0%| F|  |TAMS 0x000000071a800000, 0x000000071a800000| Untracked 
| 213|0x000000071aa00000, 0x000000071aa00000, 0x000000071ac00000|  0%| F|  |TAMS 0x000000071aa00000, 0x000000071aa00000| Untracked 
| 214|0x000000071ac00000, 0x000000071ac00000, 0x000000071ae00000|  0%| F|  |TAMS 0x000000071ac00000, 0x000000071ac00000| Untracked 
| 215|0x000000071ae00000, 0x000000071ae00000, 0x000000071b000000|  0%| F|  |TAMS 0x000000071ae00000, 0x000000071ae00000| Untracked 
| 216|0x000000071b000000, 0x000000071b000000, 0x000000071b200000|  0%| F|  |TAMS 0x000000071b000000, 0x000000071b000000| Untracked 
| 217|0x000000071b200000, 0x000000071b200000, 0x000000071b400000|  0%| F|  |TAMS 0x000000071b200000, 0x000000071b200000| Untracked 
| 218|0x000000071b400000, 0x000000071b400000, 0x000000071b600000|  0%| F|  |TAMS 0x000000071b400000, 0x000000071b400000| Untracked 
| 219|0x000000071b600000, 0x000000071b600000, 0x000000071b800000|  0%| F|  |TAMS 0x000000071b600000, 0x000000071b600000| Untracked 
| 220|0x000000071b800000, 0x000000071ba00000, 0x000000071ba00000|100%|HS|  |TAMS 0x000000071b800000, 0x000000071ba00000| Complete 
| 221|0x000000071ba00000, 0x000000071bc00000, 0x000000071bc00000|100%|HC|  |TAMS 0x000000071ba00000, 0x000000071bc00000| Complete 
| 222|0x000000071bc00000, 0x000000071be00000, 0x000000071be00000|100%|HC|  |TAMS 0x000000071bc00000, 0x000000071be00000| Complete 
| 223|0x000000071be00000, 0x000000071be00000, 0x000000071c000000|  0%| F|  |TAMS 0x000000071be00000, 0x000000071be00000| Untracked 
| 224|0x000000071c000000, 0x000000071c000000, 0x000000071c200000|  0%| F|  |TAMS 0x000000071c000000, 0x000000071c000000| Untracked 
| 225|0x000000071c200000, 0x000000071c200000, 0x000000071c400000|  0%| F|  |TAMS 0x000000071c200000, 0x000000071c200000| Untracked 
| 226|0x000000071c400000, 0x000000071c400000, 0x000000071c600000|  0%| F|  |TAMS 0x000000071c400000, 0x000000071c400000| Untracked 
| 227|0x000000071c600000, 0x000000071c600000, 0x000000071c800000|  0%| F|  |TAMS 0x000000071c600000, 0x000000071c600000| Untracked 
| 228|0x000000071c800000, 0x000000071c800000, 0x000000071ca00000|  0%| F|  |TAMS 0x000000071c800000, 0x000000071c800000| Untracked 
| 229|0x000000071ca00000, 0x000000071ca00000, 0x000000071cc00000|  0%| F|  |TAMS 0x000000071ca00000, 0x000000071ca00000| Untracked 
| 230|0x000000071cc00000, 0x000000071cc00000, 0x000000071ce00000|  0%| F|  |TAMS 0x000000071cc00000, 0x000000071cc00000| Untracked 
| 231|0x000000071ce00000, 0x000000071ce00000, 0x000000071d000000|  0%| F|  |TAMS 0x000000071ce00000, 0x000000071ce00000| Untracked 
| 232|0x000000071d000000, 0x000000071d000000, 0x000000071d200000|  0%| F|  |TAMS 0x000000071d000000, 0x000000071d000000| Untracked 
| 233|0x000000071d200000, 0x000000071d200000, 0x000000071d400000|  0%| F|  |TAMS 0x000000071d200000, 0x000000071d200000| Untracked 
| 234|0x000000071d400000, 0x000000071d600000, 0x000000071d600000|100%|HS|  |TAMS 0x000000071d400000, 0x000000071d600000| Complete 
| 235|0x000000071d600000, 0x000000071d800000, 0x000000071d800000|100%|HC|  |TAMS 0x000000071d600000, 0x000000071d800000| Complete 
| 236|0x000000071d800000, 0x000000071da00000, 0x000000071da00000|100%|HC|  |TAMS 0x000000071d800000, 0x000000071da00000| Complete 
| 237|0x000000071da00000, 0x000000071dc00000, 0x000000071dc00000|100%|HC|  |TAMS 0x000000071da00000, 0x000000071dc00000| Complete 
| 238|0x000000071dc00000, 0x000000071dc00000, 0x000000071de00000|  0%| F|  |TAMS 0x000000071dc00000, 0x000000071dc00000| Untracked 
| 239|0x000000071de00000, 0x000000071de00000, 0x000000071e000000|  0%| F|  |TAMS 0x000000071de00000, 0x000000071de00000| Untracked 
| 240|0x000000071e000000, 0x000000071e000000, 0x000000071e200000|  0%| F|  |TAMS 0x000000071e000000, 0x000000071e000000| Untracked 
| 241|0x000000071e200000, 0x000000071e200000, 0x000000071e400000|  0%| F|  |TAMS 0x000000071e200000, 0x000000071e200000| Untracked 
| 242|0x000000071e400000, 0x000000071e400000, 0x000000071e600000|  0%| F|  |TAMS 0x000000071e400000, 0x000000071e400000| Untracked 
| 243|0x000000071e600000, 0x000000071e600000, 0x000000071e800000|  0%| F|  |TAMS 0x000000071e600000, 0x000000071e600000| Untracked 
| 244|0x000000071e800000, 0x000000071e800000, 0x000000071ea00000|  0%| F|  |TAMS 0x000000071e800000, 0x000000071e800000| Untracked 
| 245|0x000000071ea00000, 0x000000071ea00000, 0x000000071ec00000|  0%| F|  |TAMS 0x000000071ea00000, 0x000000071ea00000| Untracked 
| 246|0x000000071ec00000, 0x000000071ec00000, 0x000000071ee00000|  0%| F|  |TAMS 0x000000071ec00000, 0x000000071ec00000| Untracked 
| 247|0x000000071ee00000, 0x000000071ee00000, 0x000000071f000000|  0%| F|  |TAMS 0x000000071ee00000, 0x000000071ee00000| Untracked 
| 248|0x000000071f000000, 0x000000071f000000, 0x000000071f200000|  0%| F|  |TAMS 0x000000071f000000, 0x000000071f000000| Untracked 
| 249|0x000000071f200000, 0x000000071f400000, 0x000000071f400000|100%|HS|  |TAMS 0x000000071f200000, 0x000000071f400000| Complete 
| 250|0x000000071f400000, 0x000000071f600000, 0x000000071f600000|100%|HC|  |TAMS 0x000000071f400000, 0x000000071f600000| Complete 
| 251|0x000000071f600000, 0x000000071f800000, 0x000000071f800000|100%|HC|  |TAMS 0x000000071f600000, 0x000000071f800000| Complete 
| 252|0x000000071f800000, 0x000000071f800000, 0x000000071fa00000|  0%| F|  |TAMS 0x000000071f800000, 0x000000071f800000| Untracked 
| 253|0x000000071fa00000, 0x000000071fa00000, 0x000000071fc00000|  0%| F|  |TAMS 0x000000071fa00000, 0x000000071fa00000| Untracked 
| 254|0x000000071fc00000, 0x000000071fc00000, 0x000000071fe00000|  0%| F|  |TAMS 0x000000071fc00000, 0x000000071fc00000| Untracked 
| 255|0x000000071fe00000, 0x000000071fe00000, 0x0000000720000000|  0%| F|  |TAMS 0x000000071fe00000, 0x000000071fe00000| Untracked 
| 256|0x0000000720000000, 0x0000000720000000, 0x0000000720200000|  0%| F|  |TAMS 0x0000000720000000, 0x0000000720000000| Untracked 
| 257|0x0000000720200000, 0x0000000720200000, 0x0000000720400000|  0%| F|  |TAMS 0x0000000720200000, 0x0000000720200000| Untracked 
| 258|0x0000000720400000, 0x0000000720400000, 0x0000000720600000|  0%| F|  |TAMS 0x0000000720400000, 0x0000000720400000| Untracked 
| 259|0x0000000720600000, 0x0000000720600000, 0x0000000720800000|  0%| F|  |TAMS 0x0000000720600000, 0x0000000720600000| Untracked 
| 260|0x0000000720800000, 0x0000000720800000, 0x0000000720a00000|  0%| F|  |TAMS 0x0000000720800000, 0x0000000720800000| Untracked 
| 261|0x0000000720a00000, 0x0000000720a00000, 0x0000000720c00000|  0%| F|  |TAMS 0x0000000720a00000, 0x0000000720a00000| Untracked 
| 262|0x0000000720c00000, 0x0000000720c00000, 0x0000000720e00000|  0%| F|  |TAMS 0x0000000720c00000, 0x0000000720c00000| Untracked 
| 263|0x0000000720e00000, 0x0000000721000000, 0x0000000721000000|100%|HS|  |TAMS 0x0000000720e00000, 0x0000000721000000| Complete 
| 264|0x0000000721000000, 0x0000000721200000, 0x0000000721200000|100%|HC|  |TAMS 0x0000000721000000, 0x0000000721200000| Complete 
| 265|0x0000000721200000, 0x0000000721400000, 0x0000000721400000|100%|HC|  |TAMS 0x0000000721200000, 0x0000000721400000| Complete 
| 266|0x0000000721400000, 0x0000000721600000, 0x0000000721600000|100%| O|  |TAMS 0x0000000721400000, 0x0000000721600000| Untracked 
| 267|0x0000000721600000, 0x0000000721800000, 0x0000000721800000|100%| O|  |TAMS 0x0000000721600000, 0x0000000721800000| Untracked 
| 268|0x0000000721800000, 0x0000000721a00000, 0x0000000721a00000|100%|HS|  |TAMS 0x0000000721800000, 0x0000000721a00000| Complete 
| 269|0x0000000721a00000, 0x0000000721c00000, 0x0000000721c00000|100%|HC|  |TAMS 0x0000000721a00000, 0x0000000721c00000| Complete 
| 270|0x0000000721c00000, 0x0000000721e00000, 0x0000000721e00000|100%|HC|  |TAMS 0x0000000721c00000, 0x0000000721e00000| Complete 
| 271|0x0000000721e00000, 0x0000000722000000, 0x0000000722000000|100%|HC|  |TAMS 0x0000000721e00000, 0x0000000722000000| Complete 
| 272|0x0000000722000000, 0x0000000722200000, 0x0000000722200000|100%|HC|  |TAMS 0x0000000722000000, 0x0000000722200000| Complete 
| 273|0x0000000722200000, 0x0000000722400000, 0x0000000722400000|100%|HC|  |TAMS 0x0000000722200000, 0x0000000722400000| Complete 
| 274|0x0000000722400000, 0x0000000722600000, 0x0000000722600000|100%|HC|  |TAMS 0x0000000722400000, 0x0000000722600000| Complete 
| 275|0x0000000722600000, 0x0000000722800000, 0x0000000722800000|100%|HC|  |TAMS 0x0000000722600000, 0x0000000722800000| Complete 
| 276|0x0000000722800000, 0x0000000722a00000, 0x0000000722a00000|100%|HC|  |TAMS 0x0000000722800000, 0x0000000722a00000| Complete 
| 277|0x0000000722a00000, 0x0000000722c00000, 0x0000000722c00000|100%|HC|  |TAMS 0x0000000722a00000, 0x0000000722c00000| Complete 
| 278|0x0000000722c00000, 0x0000000722e00000, 0x0000000722e00000|100%|HC|  |TAMS 0x0000000722c00000, 0x0000000722e00000| Complete 
| 279|0x0000000722e00000, 0x0000000723000000, 0x0000000723000000|100%|HC|  |TAMS 0x0000000722e00000, 0x0000000723000000| Complete 
| 280|0x0000000723000000, 0x0000000723200000, 0x0000000723200000|100%| O|  |TAMS 0x0000000723000000, 0x0000000723200000| Untracked 
| 281|0x0000000723200000, 0x0000000723400000, 0x0000000723400000|100%| O|  |TAMS 0x0000000723200000, 0x0000000723400000| Untracked 
| 282|0x0000000723400000, 0x0000000723600000, 0x0000000723600000|100%| O|  |TAMS 0x0000000723400000, 0x0000000723600000| Untracked 
| 283|0x0000000723600000, 0x0000000723800000, 0x0000000723800000|100%| O|  |TAMS 0x0000000723600000, 0x0000000723800000| Untracked 
| 284|0x0000000723800000, 0x0000000723800000, 0x0000000723a00000|  0%| F|  |TAMS 0x0000000723800000, 0x0000000723800000| Untracked 
| 285|0x0000000723a00000, 0x0000000723a00000, 0x0000000723c00000|  0%| F|  |TAMS 0x0000000723a00000, 0x0000000723a00000| Untracked 
| 286|0x0000000723c00000, 0x0000000723c00000, 0x0000000723e00000|  0%| F|  |TAMS 0x0000000723c00000, 0x0000000723c00000| Untracked 
| 287|0x0000000723e00000, 0x0000000723e00000, 0x0000000724000000|  0%| F|  |TAMS 0x0000000723e00000, 0x0000000723e00000| Untracked 
| 288|0x0000000724000000, 0x0000000724000000, 0x0000000724200000|  0%| F|  |TAMS 0x0000000724000000, 0x0000000724000000| Untracked 
| 289|0x0000000724200000, 0x0000000724200000, 0x0000000724400000|  0%| F|  |TAMS 0x0000000724200000, 0x0000000724200000| Untracked 
| 290|0x0000000724400000, 0x0000000724400000, 0x0000000724600000|  0%| F|  |TAMS 0x0000000724400000, 0x0000000724400000| Untracked 
| 291|0x0000000724600000, 0x0000000724600000, 0x0000000724800000|  0%| F|  |TAMS 0x0000000724600000, 0x0000000724600000| Untracked 
| 292|0x0000000724800000, 0x0000000724800000, 0x0000000724a00000|  0%| F|  |TAMS 0x0000000724800000, 0x0000000724800000| Untracked 
| 293|0x0000000724a00000, 0x0000000724a00000, 0x0000000724c00000|  0%| F|  |TAMS 0x0000000724a00000, 0x0000000724a00000| Untracked 
| 294|0x0000000724c00000, 0x0000000724e00000, 0x0000000724e00000|100%|HS|  |TAMS 0x0000000724c00000, 0x0000000724e00000| Complete 
| 295|0x0000000724e00000, 0x0000000725000000, 0x0000000725000000|100%|HC|  |TAMS 0x0000000724e00000, 0x0000000725000000| Complete 
| 296|0x0000000725000000, 0x0000000725200000, 0x0000000725200000|100%|HC|  |TAMS 0x0000000725000000, 0x0000000725200000| Complete 
| 297|0x0000000725200000, 0x0000000725400000, 0x0000000725400000|100%|HC|  |TAMS 0x0000000725200000, 0x0000000725400000| Complete 
| 298|0x0000000725400000, 0x0000000725600000, 0x0000000725600000|100%|HC|  |TAMS 0x0000000725400000, 0x0000000725600000| Complete 
| 299|0x0000000725600000, 0x0000000725800000, 0x0000000725800000|100%|HC|  |TAMS 0x0000000725600000, 0x0000000725800000| Complete 
| 300|0x0000000725800000, 0x0000000725a00000, 0x0000000725a00000|100%|HC|  |TAMS 0x0000000725800000, 0x0000000725a00000| Complete 
| 301|0x0000000725a00000, 0x0000000725a00000, 0x0000000725c00000|  0%| F|  |TAMS 0x0000000725a00000, 0x0000000725a00000| Untracked 
| 302|0x0000000725c00000, 0x0000000725c00000, 0x0000000725e00000|  0%| F|  |TAMS 0x0000000725c00000, 0x0000000725c00000| Untracked 
| 303|0x0000000725e00000, 0x0000000726000000, 0x0000000726000000|100%| O|  |TAMS 0x0000000725e00000, 0x0000000726000000| Untracked 
| 304|0x0000000726000000, 0x0000000726200000, 0x0000000726200000|100%| O|  |TAMS 0x0000000726000000, 0x0000000726200000| Untracked 
| 305|0x0000000726200000, 0x0000000726400000, 0x0000000726400000|100%| O|  |TAMS 0x0000000726200000, 0x0000000726400000| Untracked 
| 306|0x0000000726400000, 0x0000000726400000, 0x0000000726600000|  0%| F|  |TAMS 0x0000000726400000, 0x0000000726400000| Untracked 
| 307|0x0000000726600000, 0x0000000726600000, 0x0000000726800000|  0%| F|  |TAMS 0x0000000726600000, 0x0000000726600000| Untracked 
| 308|0x0000000726800000, 0x0000000726800000, 0x0000000726a00000|  0%| F|  |TAMS 0x0000000726800000, 0x0000000726800000| Untracked 
| 309|0x0000000726a00000, 0x0000000726a00000, 0x0000000726c00000|  0%| F|  |TAMS 0x0000000726a00000, 0x0000000726a00000| Untracked 
| 310|0x0000000726c00000, 0x0000000726c00000, 0x0000000726e00000|  0%| F|  |TAMS 0x0000000726c00000, 0x0000000726c00000| Untracked 
| 311|0x0000000726e00000, 0x0000000726e00000, 0x0000000727000000|  0%| F|  |TAMS 0x0000000726e00000, 0x0000000726e00000| Untracked 
| 312|0x0000000727000000, 0x0000000727000000, 0x0000000727200000|  0%| F|  |TAMS 0x0000000727000000, 0x0000000727000000| Untracked 
| 313|0x0000000727200000, 0x0000000727200000, 0x0000000727400000|  0%| F|  |TAMS 0x0000000727200000, 0x0000000727200000| Untracked 
| 314|0x0000000727400000, 0x0000000727400000, 0x0000000727600000|  0%| F|  |TAMS 0x0000000727400000, 0x0000000727400000| Untracked 
| 315|0x0000000727600000, 0x0000000727600000, 0x0000000727800000|  0%| F|  |TAMS 0x0000000727600000, 0x0000000727600000| Untracked 
| 316|0x0000000727800000, 0x0000000727800000, 0x0000000727a00000|  0%| F|  |TAMS 0x0000000727800000, 0x0000000727800000| Untracked 
| 317|0x0000000727a00000, 0x0000000727a00000, 0x0000000727c00000|  0%| F|  |TAMS 0x0000000727a00000, 0x0000000727a00000| Untracked 
| 318|0x0000000727c00000, 0x0000000727c00000, 0x0000000727e00000|  0%| F|  |TAMS 0x0000000727c00000, 0x0000000727c00000| Untracked 
| 319|0x0000000727e00000, 0x0000000727e00000, 0x0000000728000000|  0%| F|  |TAMS 0x0000000727e00000, 0x0000000727e00000| Untracked 
| 320|0x0000000728000000, 0x0000000728000000, 0x0000000728200000|  0%| F|  |TAMS 0x0000000728000000, 0x0000000728000000| Untracked 
| 321|0x0000000728200000, 0x0000000728200000, 0x0000000728400000|  0%| F|  |TAMS 0x0000000728200000, 0x0000000728200000| Untracked 
| 322|0x0000000728400000, 0x0000000728400000, 0x0000000728600000|  0%| F|  |TAMS 0x0000000728400000, 0x0000000728400000| Untracked 
| 323|0x0000000728600000, 0x0000000728600000, 0x0000000728800000|  0%| F|  |TAMS 0x0000000728600000, 0x0000000728600000| Untracked 
| 324|0x0000000728800000, 0x0000000728800000, 0x0000000728a00000|  0%| F|  |TAMS 0x0000000728800000, 0x0000000728800000| Untracked 
| 325|0x0000000728a00000, 0x0000000728a00000, 0x0000000728c00000|  0%| F|  |TAMS 0x0000000728a00000, 0x0000000728a00000| Untracked 
| 326|0x0000000728c00000, 0x0000000728c00000, 0x0000000728e00000|  0%| F|  |TAMS 0x0000000728c00000, 0x0000000728c00000| Untracked 
| 327|0x0000000728e00000, 0x0000000728e00000, 0x0000000729000000|  0%| F|  |TAMS 0x0000000728e00000, 0x0000000728e00000| Untracked 
| 328|0x0000000729000000, 0x0000000729000000, 0x0000000729200000|  0%| F|  |TAMS 0x0000000729000000, 0x0000000729000000| Untracked 
| 329|0x0000000729200000, 0x0000000729200000, 0x0000000729400000|  0%| F|  |TAMS 0x0000000729200000, 0x0000000729200000| Untracked 
| 330|0x0000000729400000, 0x0000000729400000, 0x0000000729600000|  0%| F|  |TAMS 0x0000000729400000, 0x0000000729400000| Untracked 
| 331|0x0000000729600000, 0x0000000729600000, 0x0000000729800000|  0%| F|  |TAMS 0x0000000729600000, 0x0000000729600000| Untracked 
| 332|0x0000000729800000, 0x0000000729800000, 0x0000000729a00000|  0%| F|  |TAMS 0x0000000729800000, 0x0000000729800000| Untracked 
| 333|0x0000000729a00000, 0x0000000729a00000, 0x0000000729c00000|  0%| F|  |TAMS 0x0000000729a00000, 0x0000000729a00000| Untracked 
| 334|0x0000000729c00000, 0x0000000729c00000, 0x0000000729e00000|  0%| F|  |TAMS 0x0000000729c00000, 0x0000000729c00000| Untracked 
| 335|0x0000000729e00000, 0x0000000729e00000, 0x000000072a000000|  0%| F|  |TAMS 0x0000000729e00000, 0x0000000729e00000| Untracked 
| 336|0x000000072a000000, 0x000000072a000000, 0x000000072a200000|  0%| F|  |TAMS 0x000000072a000000, 0x000000072a000000| Untracked 
| 337|0x000000072a200000, 0x000000072a200000, 0x000000072a400000|  0%| F|  |TAMS 0x000000072a200000, 0x000000072a200000| Untracked 
| 338|0x000000072a400000, 0x000000072a400000, 0x000000072a600000|  0%| F|  |TAMS 0x000000072a400000, 0x000000072a400000| Untracked 
| 339|0x000000072a600000, 0x000000072a600000, 0x000000072a800000|  0%| F|  |TAMS 0x000000072a600000, 0x000000072a600000| Untracked 
| 340|0x000000072a800000, 0x000000072a800000, 0x000000072aa00000|  0%| F|  |TAMS 0x000000072a800000, 0x000000072a800000| Untracked 
| 341|0x000000072aa00000, 0x000000072aa00000, 0x000000072ac00000|  0%| F|  |TAMS 0x000000072aa00000, 0x000000072aa00000| Untracked 
| 342|0x000000072ac00000, 0x000000072ac00000, 0x000000072ae00000|  0%| F|  |TAMS 0x000000072ac00000, 0x000000072ac00000| Untracked 
| 343|0x000000072ae00000, 0x000000072ae00000, 0x000000072b000000|  0%| F|  |TAMS 0x000000072ae00000, 0x000000072ae00000| Untracked 
| 344|0x000000072b000000, 0x000000072b000000, 0x000000072b200000|  0%| F|  |TAMS 0x000000072b000000, 0x000000072b000000| Untracked 
| 345|0x000000072b200000, 0x000000072b200000, 0x000000072b400000|  0%| F|  |TAMS 0x000000072b200000, 0x000000072b200000| Untracked 
| 346|0x000000072b400000, 0x000000072b400000, 0x000000072b600000|  0%| F|  |TAMS 0x000000072b400000, 0x000000072b400000| Untracked 
| 347|0x000000072b600000, 0x000000072b600000, 0x000000072b800000|  0%| F|  |TAMS 0x000000072b600000, 0x000000072b600000| Untracked 
| 348|0x000000072b800000, 0x000000072b800000, 0x000000072ba00000|  0%| F|  |TAMS 0x000000072b800000, 0x000000072b800000| Untracked 
| 349|0x000000072ba00000, 0x000000072ba00000, 0x000000072bc00000|  0%| F|  |TAMS 0x000000072ba00000, 0x000000072ba00000| Untracked 
| 350|0x000000072bc00000, 0x000000072bc00000, 0x000000072be00000|  0%| F|  |TAMS 0x000000072bc00000, 0x000000072bc00000| Untracked 
| 351|0x000000072be00000, 0x000000072be00000, 0x000000072c000000|  0%| F|  |TAMS 0x000000072be00000, 0x000000072be00000| Untracked 
| 352|0x000000072c000000, 0x000000072c000000, 0x000000072c200000|  0%| F|  |TAMS 0x000000072c000000, 0x000000072c000000| Untracked 
| 353|0x000000072c200000, 0x000000072c200000, 0x000000072c400000|  0%| F|  |TAMS 0x000000072c200000, 0x000000072c200000| Untracked 
| 354|0x000000072c400000, 0x000000072c400000, 0x000000072c600000|  0%| F|  |TAMS 0x000000072c400000, 0x000000072c400000| Untracked 
| 355|0x000000072c600000, 0x000000072c600000, 0x000000072c800000|  0%| F|  |TAMS 0x000000072c600000, 0x000000072c600000| Untracked 
| 356|0x000000072c800000, 0x000000072c800000, 0x000000072ca00000|  0%| F|  |TAMS 0x000000072c800000, 0x000000072c800000| Untracked 
| 357|0x000000072ca00000, 0x000000072ca00000, 0x000000072cc00000|  0%| F|  |TAMS 0x000000072ca00000, 0x000000072ca00000| Untracked 
| 358|0x000000072cc00000, 0x000000072cc00000, 0x000000072ce00000|  0%| F|  |TAMS 0x000000072cc00000, 0x000000072cc00000| Untracked 
| 359|0x000000072ce00000, 0x000000072ce00000, 0x000000072d000000|  0%| F|  |TAMS 0x000000072ce00000, 0x000000072ce00000| Untracked 
| 360|0x000000072d000000, 0x000000072d000000, 0x000000072d200000|  0%| F|  |TAMS 0x000000072d000000, 0x000000072d000000| Untracked 
| 361|0x000000072d200000, 0x000000072d200000, 0x000000072d400000|  0%| F|  |TAMS 0x000000072d200000, 0x000000072d200000| Untracked 
| 362|0x000000072d400000, 0x000000072d400000, 0x000000072d600000|  0%| F|  |TAMS 0x000000072d400000, 0x000000072d400000| Untracked 
| 363|0x000000072d600000, 0x000000072d600000, 0x000000072d800000|  0%| F|  |TAMS 0x000000072d600000, 0x000000072d600000| Untracked 
| 364|0x000000072d800000, 0x000000072d800000, 0x000000072da00000|  0%| F|  |TAMS 0x000000072d800000, 0x000000072d800000| Untracked 
| 365|0x000000072da00000, 0x000000072da00000, 0x000000072dc00000|  0%| F|  |TAMS 0x000000072da00000, 0x000000072da00000| Untracked 
| 366|0x000000072dc00000, 0x000000072dc00000, 0x000000072de00000|  0%| F|  |TAMS 0x000000072dc00000, 0x000000072dc00000| Untracked 
| 367|0x000000072de00000, 0x000000072de00000, 0x000000072e000000|  0%| F|  |TAMS 0x000000072de00000, 0x000000072de00000| Untracked 
| 368|0x000000072e000000, 0x000000072e000000, 0x000000072e200000|  0%| F|  |TAMS 0x000000072e000000, 0x000000072e000000| Untracked 
| 369|0x000000072e200000, 0x000000072e200000, 0x000000072e400000|  0%| F|  |TAMS 0x000000072e200000, 0x000000072e200000| Untracked 
| 370|0x000000072e400000, 0x000000072e400000, 0x000000072e600000|  0%| F|  |TAMS 0x000000072e400000, 0x000000072e400000| Untracked 
| 371|0x000000072e600000, 0x000000072e600000, 0x000000072e800000|  0%| F|  |TAMS 0x000000072e600000, 0x000000072e600000| Untracked 
| 372|0x000000072e800000, 0x000000072e800000, 0x000000072ea00000|  0%| F|  |TAMS 0x000000072e800000, 0x000000072e800000| Untracked 
| 373|0x000000072ea00000, 0x000000072ea00000, 0x000000072ec00000|  0%| F|  |TAMS 0x000000072ea00000, 0x000000072ea00000| Untracked 
| 374|0x000000072ec00000, 0x000000072ec00000, 0x000000072ee00000|  0%| F|  |TAMS 0x000000072ec00000, 0x000000072ec00000| Untracked 
| 375|0x000000072ee00000, 0x000000072ee00000, 0x000000072f000000|  0%| F|  |TAMS 0x000000072ee00000, 0x000000072ee00000| Untracked 
| 376|0x000000072f000000, 0x000000072f000000, 0x000000072f200000|  0%| F|  |TAMS 0x000000072f000000, 0x000000072f000000| Untracked 
| 377|0x000000072f200000, 0x000000072f200000, 0x000000072f400000|  0%| F|  |TAMS 0x000000072f200000, 0x000000072f200000| Untracked 
| 378|0x000000072f400000, 0x000000072f400000, 0x000000072f600000|  0%| F|  |TAMS 0x000000072f400000, 0x000000072f400000| Untracked 
| 379|0x000000072f600000, 0x000000072f600000, 0x000000072f800000|  0%| F|  |TAMS 0x000000072f600000, 0x000000072f600000| Untracked 
| 380|0x000000072f800000, 0x000000072f800000, 0x000000072fa00000|  0%| F|  |TAMS 0x000000072f800000, 0x000000072f800000| Untracked 
| 381|0x000000072fa00000, 0x000000072fa00000, 0x000000072fc00000|  0%| F|  |TAMS 0x000000072fa00000, 0x000000072fa00000| Untracked 
| 382|0x000000072fc00000, 0x000000072fc00000, 0x000000072fe00000|  0%| F|  |TAMS 0x000000072fc00000, 0x000000072fc00000| Untracked 
| 383|0x000000072fe00000, 0x000000072fe00000, 0x0000000730000000|  0%| F|  |TAMS 0x000000072fe00000, 0x000000072fe00000| Untracked 
| 384|0x0000000730000000, 0x0000000730000000, 0x0000000730200000|  0%| F|  |TAMS 0x0000000730000000, 0x0000000730000000| Untracked 
| 385|0x0000000730200000, 0x0000000730200000, 0x0000000730400000|  0%| F|  |TAMS 0x0000000730200000, 0x0000000730200000| Untracked 
| 386|0x0000000730400000, 0x0000000730400000, 0x0000000730600000|  0%| F|  |TAMS 0x0000000730400000, 0x0000000730400000| Untracked 
| 387|0x0000000730600000, 0x0000000730600000, 0x0000000730800000|  0%| F|  |TAMS 0x0000000730600000, 0x0000000730600000| Untracked 
| 388|0x0000000730800000, 0x0000000730800000, 0x0000000730a00000|  0%| F|  |TAMS 0x0000000730800000, 0x0000000730800000| Untracked 
| 389|0x0000000730a00000, 0x0000000730a00000, 0x0000000730c00000|  0%| F|  |TAMS 0x0000000730a00000, 0x0000000730a00000| Untracked 
| 390|0x0000000730c00000, 0x0000000730ce98b8, 0x0000000730e00000| 45%| S|CS|TAMS 0x0000000730c00000, 0x0000000730c00000| Complete 
| 391|0x0000000730e00000, 0x0000000730e00000, 0x0000000731000000|  0%| F|  |TAMS 0x0000000730e00000, 0x0000000730e00000| Untracked 
| 392|0x0000000731000000, 0x0000000731000000, 0x0000000731200000|  0%| F|  |TAMS 0x0000000731000000, 0x0000000731000000| Untracked 
| 393|0x0000000731200000, 0x0000000731200000, 0x0000000731400000|  0%| F|  |TAMS 0x0000000731200000, 0x0000000731200000| Untracked 
| 394|0x0000000731400000, 0x0000000731400000, 0x0000000731600000|  0%| F|  |TAMS 0x0000000731400000, 0x0000000731400000| Untracked 
| 395|0x0000000731600000, 0x0000000731600000, 0x0000000731800000|  0%| F|  |TAMS 0x0000000731600000, 0x0000000731600000| Untracked 
| 396|0x0000000731800000, 0x0000000731800000, 0x0000000731a00000|  0%| F|  |TAMS 0x0000000731800000, 0x0000000731800000| Untracked 
| 397|0x0000000731a00000, 0x0000000731a00000, 0x0000000731c00000|  0%| F|  |TAMS 0x0000000731a00000, 0x0000000731a00000| Untracked 
| 398|0x0000000731c00000, 0x0000000731c00000, 0x0000000731e00000|  0%| F|  |TAMS 0x0000000731c00000, 0x0000000731c00000| Untracked 
| 399|0x0000000731e00000, 0x0000000731e00000, 0x0000000732000000|  0%| F|  |TAMS 0x0000000731e00000, 0x0000000731e00000| Untracked 
| 400|0x0000000732000000, 0x0000000732000000, 0x0000000732200000|  0%| F|  |TAMS 0x0000000732000000, 0x0000000732000000| Untracked 
| 401|0x0000000732200000, 0x0000000732200000, 0x0000000732400000|  0%| F|  |TAMS 0x0000000732200000, 0x0000000732200000| Untracked 
| 402|0x0000000732400000, 0x0000000732400000, 0x0000000732600000|  0%| F|  |TAMS 0x0000000732400000, 0x0000000732400000| Untracked 
| 403|0x0000000732600000, 0x0000000732600000, 0x0000000732800000|  0%| F|  |TAMS 0x0000000732600000, 0x0000000732600000| Untracked 
| 404|0x0000000732800000, 0x0000000732800000, 0x0000000732a00000|  0%| F|  |TAMS 0x0000000732800000, 0x0000000732800000| Untracked 
| 405|0x0000000732a00000, 0x0000000732a00000, 0x0000000732c00000|  0%| F|  |TAMS 0x0000000732a00000, 0x0000000732a00000| Untracked 
| 406|0x0000000732c00000, 0x0000000732c00000, 0x0000000732e00000|  0%| F|  |TAMS 0x0000000732c00000, 0x0000000732c00000| Untracked 
| 407|0x0000000732e00000, 0x0000000732e00000, 0x0000000733000000|  0%| F|  |TAMS 0x0000000732e00000, 0x0000000732e00000| Untracked 
| 408|0x0000000733000000, 0x0000000733000000, 0x0000000733200000|  0%| F|  |TAMS 0x0000000733000000, 0x0000000733000000| Untracked 
| 409|0x0000000733200000, 0x0000000733200000, 0x0000000733400000|  0%| F|  |TAMS 0x0000000733200000, 0x0000000733200000| Untracked 
| 410|0x0000000733400000, 0x0000000733400000, 0x0000000733600000|  0%| F|  |TAMS 0x0000000733400000, 0x0000000733400000| Untracked 
| 411|0x0000000733600000, 0x0000000733600000, 0x0000000733800000|  0%| F|  |TAMS 0x0000000733600000, 0x0000000733600000| Untracked 
| 412|0x0000000733800000, 0x0000000733800000, 0x0000000733a00000|  0%| F|  |TAMS 0x0000000733800000, 0x0000000733800000| Untracked 
| 413|0x0000000733a00000, 0x0000000733a00000, 0x0000000733c00000|  0%| F|  |TAMS 0x0000000733a00000, 0x0000000733a00000| Untracked 
| 414|0x0000000733c00000, 0x0000000733c00000, 0x0000000733e00000|  0%| F|  |TAMS 0x0000000733c00000, 0x0000000733c00000| Untracked 
| 415|0x0000000733e00000, 0x0000000733e00000, 0x0000000734000000|  0%| F|  |TAMS 0x0000000733e00000, 0x0000000733e00000| Untracked 
| 416|0x0000000734000000, 0x0000000734000000, 0x0000000734200000|  0%| F|  |TAMS 0x0000000734000000, 0x0000000734000000| Untracked 
| 417|0x0000000734200000, 0x0000000734200000, 0x0000000734400000|  0%| F|  |TAMS 0x0000000734200000, 0x0000000734200000| Untracked 
| 418|0x0000000734400000, 0x0000000734400000, 0x0000000734600000|  0%| F|  |TAMS 0x0000000734400000, 0x0000000734400000| Untracked 
| 419|0x0000000734600000, 0x0000000734600000, 0x0000000734800000|  0%| F|  |TAMS 0x0000000734600000, 0x0000000734600000| Untracked 
| 420|0x0000000734800000, 0x0000000734800000, 0x0000000734a00000|  0%| F|  |TAMS 0x0000000734800000, 0x0000000734800000| Untracked 
| 421|0x0000000734a00000, 0x0000000734a00000, 0x0000000734c00000|  0%| F|  |TAMS 0x0000000734a00000, 0x0000000734a00000| Untracked 
| 422|0x0000000734c00000, 0x0000000734c00000, 0x0000000734e00000|  0%| F|  |TAMS 0x0000000734c00000, 0x0000000734c00000| Untracked 
| 423|0x0000000734e00000, 0x0000000734e00000, 0x0000000735000000|  0%| F|  |TAMS 0x0000000734e00000, 0x0000000734e00000| Untracked 
| 424|0x0000000735000000, 0x0000000735000000, 0x0000000735200000|  0%| F|  |TAMS 0x0000000735000000, 0x0000000735000000| Untracked 
| 425|0x0000000735200000, 0x0000000735200000, 0x0000000735400000|  0%| F|  |TAMS 0x0000000735200000, 0x0000000735200000| Untracked 
| 426|0x0000000735400000, 0x0000000735400000, 0x0000000735600000|  0%| F|  |TAMS 0x0000000735400000, 0x0000000735400000| Untracked 
| 427|0x0000000735600000, 0x0000000735600000, 0x0000000735800000|  0%| F|  |TAMS 0x0000000735600000, 0x0000000735600000| Untracked 
| 428|0x0000000735800000, 0x0000000735800000, 0x0000000735a00000|  0%| F|  |TAMS 0x0000000735800000, 0x0000000735800000| Untracked 
| 429|0x0000000735a00000, 0x0000000735a00000, 0x0000000735c00000|  0%| F|  |TAMS 0x0000000735a00000, 0x0000000735a00000| Untracked 
| 430|0x0000000735c00000, 0x0000000735c00000, 0x0000000735e00000|  0%| F|  |TAMS 0x0000000735c00000, 0x0000000735c00000| Untracked 
| 431|0x0000000735e00000, 0x0000000735e00000, 0x0000000736000000|  0%| F|  |TAMS 0x0000000735e00000, 0x0000000735e00000| Untracked 
| 432|0x0000000736000000, 0x0000000736000000, 0x0000000736200000|  0%| F|  |TAMS 0x0000000736000000, 0x0000000736000000| Untracked 
| 433|0x0000000736200000, 0x0000000736200000, 0x0000000736400000|  0%| F|  |TAMS 0x0000000736200000, 0x0000000736200000| Untracked 
| 434|0x0000000736400000, 0x0000000736400000, 0x0000000736600000|  0%| F|  |TAMS 0x0000000736400000, 0x0000000736400000| Untracked 
| 435|0x0000000736600000, 0x0000000736600000, 0x0000000736800000|  0%| F|  |TAMS 0x0000000736600000, 0x0000000736600000| Untracked 
| 436|0x0000000736800000, 0x0000000736800000, 0x0000000736a00000|  0%| F|  |TAMS 0x0000000736800000, 0x0000000736800000| Untracked 
| 437|0x0000000736a00000, 0x0000000736a00000, 0x0000000736c00000|  0%| F|  |TAMS 0x0000000736a00000, 0x0000000736a00000| Untracked 
| 438|0x0000000736c00000, 0x0000000736c00000, 0x0000000736e00000|  0%| F|  |TAMS 0x0000000736c00000, 0x0000000736c00000| Untracked 
| 439|0x0000000736e00000, 0x0000000736e00000, 0x0000000737000000|  0%| F|  |TAMS 0x0000000736e00000, 0x0000000736e00000| Untracked 
| 440|0x0000000737000000, 0x0000000737000000, 0x0000000737200000|  0%| F|  |TAMS 0x0000000737000000, 0x0000000737000000| Untracked 
| 441|0x0000000737200000, 0x0000000737200000, 0x0000000737400000|  0%| F|  |TAMS 0x0000000737200000, 0x0000000737200000| Untracked 
| 442|0x0000000737400000, 0x0000000737400000, 0x0000000737600000|  0%| F|  |TAMS 0x0000000737400000, 0x0000000737400000| Untracked 
| 443|0x0000000737600000, 0x0000000737600000, 0x0000000737800000|  0%| F|  |TAMS 0x0000000737600000, 0x0000000737600000| Untracked 
| 444|0x0000000737800000, 0x0000000737800000, 0x0000000737a00000|  0%| F|  |TAMS 0x0000000737800000, 0x0000000737800000| Untracked 
| 445|0x0000000737a00000, 0x0000000737a00000, 0x0000000737c00000|  0%| F|  |TAMS 0x0000000737a00000, 0x0000000737a00000| Untracked 
| 446|0x0000000737c00000, 0x0000000737c00000, 0x0000000737e00000|  0%| F|  |TAMS 0x0000000737c00000, 0x0000000737c00000| Untracked 
| 447|0x0000000737e00000, 0x0000000737e00000, 0x0000000738000000|  0%| F|  |TAMS 0x0000000737e00000, 0x0000000737e00000| Untracked 
| 448|0x0000000738000000, 0x0000000738000000, 0x0000000738200000|  0%| F|  |TAMS 0x0000000738000000, 0x0000000738000000| Untracked 
| 449|0x0000000738200000, 0x0000000738200000, 0x0000000738400000|  0%| F|  |TAMS 0x0000000738200000, 0x0000000738200000| Untracked 
| 450|0x0000000738400000, 0x0000000738400000, 0x0000000738600000|  0%| F|  |TAMS 0x0000000738400000, 0x0000000738400000| Untracked 
| 451|0x0000000738600000, 0x0000000738600000, 0x0000000738800000|  0%| F|  |TAMS 0x0000000738600000, 0x0000000738600000| Untracked 
| 452|0x0000000738800000, 0x0000000738800000, 0x0000000738a00000|  0%| F|  |TAMS 0x0000000738800000, 0x0000000738800000| Untracked 
| 453|0x0000000738a00000, 0x0000000738a00000, 0x0000000738c00000|  0%| F|  |TAMS 0x0000000738a00000, 0x0000000738a00000| Untracked 
| 454|0x0000000738c00000, 0x0000000738c00000, 0x0000000738e00000|  0%| F|  |TAMS 0x0000000738c00000, 0x0000000738c00000| Untracked 
| 455|0x0000000738e00000, 0x0000000738e00000, 0x0000000739000000|  0%| F|  |TAMS 0x0000000738e00000, 0x0000000738e00000| Untracked 
| 456|0x0000000739000000, 0x0000000739000000, 0x0000000739200000|  0%| F|  |TAMS 0x0000000739000000, 0x0000000739000000| Untracked 
| 457|0x0000000739200000, 0x0000000739400000, 0x0000000739400000|100%|HS|  |TAMS 0x0000000739200000, 0x0000000739400000| Complete 
| 458|0x0000000739400000, 0x0000000739600000, 0x0000000739600000|100%|HC|  |TAMS 0x0000000739400000, 0x0000000739600000| Complete 
| 459|0x0000000739600000, 0x0000000739800000, 0x0000000739800000|100%|HC|  |TAMS 0x0000000739600000, 0x0000000739800000| Complete 
| 460|0x0000000739800000, 0x0000000739a00000, 0x0000000739a00000|100%|HC|  |TAMS 0x0000000739800000, 0x0000000739a00000| Complete 
| 461|0x0000000739a00000, 0x0000000739c00000, 0x0000000739c00000|100%|HC|  |TAMS 0x0000000739a00000, 0x0000000739c00000| Complete 
| 462|0x0000000739c00000, 0x0000000739e00000, 0x0000000739e00000|100%|HC|  |TAMS 0x0000000739c00000, 0x0000000739e00000| Complete 
| 463|0x0000000739e00000, 0x000000073a000000, 0x000000073a000000|100%|HC|  |TAMS 0x0000000739e00000, 0x000000073a000000| Complete 
| 464|0x000000073a000000, 0x000000073a200000, 0x000000073a200000|100%|HC|  |TAMS 0x000000073a000000, 0x000000073a200000| Complete 
| 465|0x000000073a200000, 0x000000073a400000, 0x000000073a400000|100%|HC|  |TAMS 0x000000073a200000, 0x000000073a400000| Complete 
| 466|0x000000073a400000, 0x000000073a600000, 0x000000073a600000|100%|HC|  |TAMS 0x000000073a400000, 0x000000073a600000| Complete 
| 467|0x000000073a600000, 0x000000073a800000, 0x000000073a800000|100%|HC|  |TAMS 0x000000073a600000, 0x000000073a800000| Complete 
| 468|0x000000073a800000, 0x000000073aa00000, 0x000000073aa00000|100%|HC|  |TAMS 0x000000073a800000, 0x000000073aa00000| Complete 
| 469|0x000000073aa00000, 0x000000073ac00000, 0x000000073ac00000|100%|HC|  |TAMS 0x000000073aa00000, 0x000000073ac00000| Complete 
| 470|0x000000073ac00000, 0x000000073ae00000, 0x000000073ae00000|100%|HC|  |TAMS 0x000000073ac00000, 0x000000073ae00000| Complete 
| 471|0x000000073ae00000, 0x000000073b000000, 0x000000073b000000|100%|HC|  |TAMS 0x000000073ae00000, 0x000000073b000000| Complete 
| 472|0x000000073b000000, 0x000000073b200000, 0x000000073b200000|100%|HC|  |TAMS 0x000000073b000000, 0x000000073b200000| Complete 
| 473|0x000000073b200000, 0x000000073b400000, 0x000000073b400000|100%|HC|  |TAMS 0x000000073b200000, 0x000000073b400000| Complete 
| 474|0x000000073b400000, 0x000000073b600000, 0x000000073b600000|100%|HC|  |TAMS 0x000000073b400000, 0x000000073b600000| Complete 
| 475|0x000000073b600000, 0x000000073b800000, 0x000000073b800000|100%|HC|  |TAMS 0x000000073b600000, 0x000000073b800000| Complete 
| 476|0x000000073b800000, 0x000000073ba00000, 0x000000073ba00000|100%|HC|  |TAMS 0x000000073b800000, 0x000000073ba00000| Complete 
| 477|0x000000073ba00000, 0x000000073bc00000, 0x000000073bc00000|100%|HC|  |TAMS 0x000000073ba00000, 0x000000073bc00000| Complete 
| 478|0x000000073bc00000, 0x000000073be00000, 0x000000073be00000|100%|HC|  |TAMS 0x000000073bc00000, 0x000000073be00000| Complete 
| 479|0x000000073be00000, 0x000000073c000000, 0x000000073c000000|100%|HC|  |TAMS 0x000000073be00000, 0x000000073c000000| Complete 
| 480|0x000000073c000000, 0x000000073c200000, 0x000000073c200000|100%|HC|  |TAMS 0x000000073c000000, 0x000000073c200000| Complete 
| 481|0x000000073c200000, 0x000000073c400000, 0x000000073c400000|100%|HC|  |TAMS 0x000000073c200000, 0x000000073c400000| Complete 
| 482|0x000000073c400000, 0x000000073c600000, 0x000000073c600000|100%|HC|  |TAMS 0x000000073c400000, 0x000000073c600000| Complete 
| 483|0x000000073c600000, 0x000000073c800000, 0x000000073c800000|100%|HC|  |TAMS 0x000000073c600000, 0x000000073c800000| Complete 
| 484|0x000000073c800000, 0x000000073ca00000, 0x000000073ca00000|100%|HC|  |TAMS 0x000000073c800000, 0x000000073ca00000| Complete 
| 485|0x000000073ca00000, 0x000000073cc00000, 0x000000073cc00000|100%|HC|  |TAMS 0x000000073ca00000, 0x000000073cc00000| Complete 
| 486|0x000000073cc00000, 0x000000073ce00000, 0x000000073ce00000|100%|HC|  |TAMS 0x000000073cc00000, 0x000000073ce00000| Complete 
| 487|0x000000073ce00000, 0x000000073d000000, 0x000000073d000000|100%|HC|  |TAMS 0x000000073ce00000, 0x000000073d000000| Complete 
| 488|0x000000073d000000, 0x000000073d200000, 0x000000073d200000|100%|HC|  |TAMS 0x000000073d000000, 0x000000073d200000| Complete 
| 489|0x000000073d200000, 0x000000073d400000, 0x000000073d400000|100%|HC|  |TAMS 0x000000073d200000, 0x000000073d400000| Complete 
| 490|0x000000073d400000, 0x000000073d600000, 0x000000073d600000|100%|HC|  |TAMS 0x000000073d400000, 0x000000073d600000| Complete 
| 491|0x000000073d600000, 0x000000073d800000, 0x000000073d800000|100%|HC|  |TAMS 0x000000073d600000, 0x000000073d800000| Complete 
| 492|0x000000073d800000, 0x000000073da00000, 0x000000073da00000|100%|HC|  |TAMS 0x000000073d800000, 0x000000073da00000| Complete 
| 493|0x000000073da00000, 0x000000073dc00000, 0x000000073dc00000|100%|HC|  |TAMS 0x000000073da00000, 0x000000073dc00000| Complete 
| 494|0x000000073dc00000, 0x000000073de00000, 0x000000073de00000|100%|HC|  |TAMS 0x000000073dc00000, 0x000000073de00000| Complete 
| 495|0x000000073de00000, 0x000000073e000000, 0x000000073e000000|100%|HC|  |TAMS 0x000000073de00000, 0x000000073e000000| Complete 
| 496|0x000000073e000000, 0x000000073e200000, 0x000000073e200000|100%|HC|  |TAMS 0x000000073e000000, 0x000000073e200000| Complete 
| 497|0x000000073e200000, 0x000000073e400000, 0x000000073e400000|100%|HC|  |TAMS 0x000000073e200000, 0x000000073e400000| Complete 
| 498|0x000000073e400000, 0x000000073e600000, 0x000000073e600000|100%|HC|  |TAMS 0x000000073e400000, 0x000000073e600000| Complete 
| 499|0x000000073e600000, 0x000000073e800000, 0x000000073e800000|100%|HC|  |TAMS 0x000000073e600000, 0x000000073e800000| Complete 
| 500|0x000000073e800000, 0x000000073ea00000, 0x000000073ea00000|100%|HC|  |TAMS 0x000000073e800000, 0x000000073ea00000| Complete 
| 501|0x000000073ea00000, 0x000000073ec00000, 0x000000073ec00000|100%|HC|  |TAMS 0x000000073ea00000, 0x000000073ec00000| Complete 
| 502|0x000000073ec00000, 0x000000073ee00000, 0x000000073ee00000|100%|HC|  |TAMS 0x000000073ec00000, 0x000000073ee00000| Complete 
| 503|0x000000073ee00000, 0x000000073f000000, 0x000000073f000000|100%|HC|  |TAMS 0x000000073ee00000, 0x000000073f000000| Complete 
| 504|0x000000073f000000, 0x000000073f200000, 0x000000073f200000|100%|HC|  |TAMS 0x000000073f000000, 0x000000073f200000| Complete 
| 505|0x000000073f200000, 0x000000073f400000, 0x000000073f400000|100%|HC|  |TAMS 0x000000073f200000, 0x000000073f400000| Complete 
| 506|0x000000073f400000, 0x000000073f600000, 0x000000073f600000|100%|HC|  |TAMS 0x000000073f400000, 0x000000073f600000| Complete 
| 507|0x000000073f600000, 0x000000073f800000, 0x000000073f800000|100%|HC|  |TAMS 0x000000073f600000, 0x000000073f800000| Complete 
| 508|0x000000073f800000, 0x000000073fa00000, 0x000000073fa00000|100%|HC|  |TAMS 0x000000073f800000, 0x000000073fa00000| Complete 
| 509|0x000000073fa00000, 0x000000073fc00000, 0x000000073fc00000|100%|HC|  |TAMS 0x000000073fa00000, 0x000000073fc00000| Complete 
| 510|0x000000073fc00000, 0x000000073fe00000, 0x000000073fe00000|100%|HC|  |TAMS 0x000000073fc00000, 0x000000073fe00000| Complete 
| 511|0x000000073fe00000, 0x0000000740000000, 0x0000000740000000|100%|HC|  |TAMS 0x000000073fe00000, 0x0000000740000000| Complete 
| 512|0x0000000740000000, 0x0000000740200000, 0x0000000740200000|100%|HC|  |TAMS 0x0000000740000000, 0x0000000740200000| Complete 
| 513|0x0000000740200000, 0x0000000740400000, 0x0000000740400000|100%|HC|  |TAMS 0x0000000740200000, 0x0000000740400000| Complete 
| 514|0x0000000740400000, 0x0000000740600000, 0x0000000740600000|100%|HC|  |TAMS 0x0000000740400000, 0x0000000740600000| Complete 
| 515|0x0000000740600000, 0x0000000740800000, 0x0000000740800000|100%|HC|  |TAMS 0x0000000740600000, 0x0000000740800000| Complete 
| 516|0x0000000740800000, 0x0000000740a00000, 0x0000000740a00000|100%|HC|  |TAMS 0x0000000740800000, 0x0000000740a00000| Complete 
| 517|0x0000000740a00000, 0x0000000740c00000, 0x0000000740c00000|100%|HC|  |TAMS 0x0000000740a00000, 0x0000000740c00000| Complete 
| 518|0x0000000740c00000, 0x0000000740e00000, 0x0000000740e00000|100%|HC|  |TAMS 0x0000000740c00000, 0x0000000740e00000| Complete 
| 519|0x0000000740e00000, 0x0000000741000000, 0x0000000741000000|100%|HC|  |TAMS 0x0000000740e00000, 0x0000000741000000| Complete 
| 520|0x0000000741000000, 0x0000000741200000, 0x0000000741200000|100%|HC|  |TAMS 0x0000000741000000, 0x0000000741200000| Complete 
| 521|0x0000000741200000, 0x0000000741400000, 0x0000000741400000|100%|HC|  |TAMS 0x0000000741200000, 0x0000000741400000| Complete 
| 522|0x0000000741400000, 0x0000000741600000, 0x0000000741600000|100%|HC|  |TAMS 0x0000000741400000, 0x0000000741600000| Complete 
| 523|0x0000000741600000, 0x0000000741800000, 0x0000000741800000|100%|HC|  |TAMS 0x0000000741600000, 0x0000000741800000| Complete 
| 524|0x0000000741800000, 0x0000000741a00000, 0x0000000741a00000|100%|HC|  |TAMS 0x0000000741800000, 0x0000000741a00000| Complete 
| 525|0x0000000741a00000, 0x0000000741c00000, 0x0000000741c00000|100%|HC|  |TAMS 0x0000000741a00000, 0x0000000741c00000| Complete 
| 526|0x0000000741c00000, 0x0000000741e00000, 0x0000000741e00000|100%|HC|  |TAMS 0x0000000741c00000, 0x0000000741e00000| Complete 
| 527|0x0000000741e00000, 0x0000000742000000, 0x0000000742000000|100%|HC|  |TAMS 0x0000000741e00000, 0x0000000742000000| Complete 
| 528|0x0000000742000000, 0x0000000742200000, 0x0000000742200000|100%|HC|  |TAMS 0x0000000742000000, 0x0000000742200000| Complete 
| 529|0x0000000742200000, 0x0000000742400000, 0x0000000742400000|100%|HC|  |TAMS 0x0000000742200000, 0x0000000742400000| Complete 
| 530|0x0000000742400000, 0x0000000742600000, 0x0000000742600000|100%|HC|  |TAMS 0x0000000742400000, 0x0000000742600000| Complete 
| 531|0x0000000742600000, 0x0000000742800000, 0x0000000742800000|100%|HC|  |TAMS 0x0000000742600000, 0x0000000742800000| Complete 
| 532|0x0000000742800000, 0x0000000742a00000, 0x0000000742a00000|100%|HC|  |TAMS 0x0000000742800000, 0x0000000742a00000| Complete 
| 533|0x0000000742a00000, 0x0000000742c00000, 0x0000000742c00000|100%|HC|  |TAMS 0x0000000742a00000, 0x0000000742c00000| Complete 
| 534|0x0000000742c00000, 0x0000000742e00000, 0x0000000742e00000|100%|HC|  |TAMS 0x0000000742c00000, 0x0000000742e00000| Complete 
| 535|0x0000000742e00000, 0x0000000743000000, 0x0000000743000000|100%|HC|  |TAMS 0x0000000742e00000, 0x0000000743000000| Complete 
| 536|0x0000000743000000, 0x0000000743200000, 0x0000000743200000|100%|HC|  |TAMS 0x0000000743000000, 0x0000000743200000| Complete 
| 537|0x0000000743200000, 0x0000000743400000, 0x0000000743400000|100%|HC|  |TAMS 0x0000000743200000, 0x0000000743400000| Complete 
| 538|0x0000000743400000, 0x0000000743600000, 0x0000000743600000|100%|HC|  |TAMS 0x0000000743400000, 0x0000000743600000| Complete 
| 539|0x0000000743600000, 0x0000000743800000, 0x0000000743800000|100%|HC|  |TAMS 0x0000000743600000, 0x0000000743800000| Complete 
| 540|0x0000000743800000, 0x0000000743a00000, 0x0000000743a00000|100%|HC|  |TAMS 0x0000000743800000, 0x0000000743a00000| Complete 
| 541|0x0000000743a00000, 0x0000000743c00000, 0x0000000743c00000|100%|HC|  |TAMS 0x0000000743a00000, 0x0000000743c00000| Complete 
| 542|0x0000000743c00000, 0x0000000743e00000, 0x0000000743e00000|100%|HC|  |TAMS 0x0000000743c00000, 0x0000000743e00000| Complete 
| 543|0x0000000743e00000, 0x0000000744000000, 0x0000000744000000|100%|HC|  |TAMS 0x0000000743e00000, 0x0000000744000000| Complete 
| 544|0x0000000744000000, 0x0000000744200000, 0x0000000744200000|100%|HC|  |TAMS 0x0000000744000000, 0x0000000744200000| Complete 
| 545|0x0000000744200000, 0x0000000744400000, 0x0000000744400000|100%|HC|  |TAMS 0x0000000744200000, 0x0000000744400000| Complete 
| 546|0x0000000744400000, 0x0000000744600000, 0x0000000744600000|100%|HC|  |TAMS 0x0000000744400000, 0x0000000744600000| Complete 
| 547|0x0000000744600000, 0x0000000744800000, 0x0000000744800000|100%|HC|  |TAMS 0x0000000744600000, 0x0000000744800000| Complete 
| 548|0x0000000744800000, 0x0000000744a00000, 0x0000000744a00000|100%|HC|  |TAMS 0x0000000744800000, 0x0000000744a00000| Complete 
| 549|0x0000000744a00000, 0x0000000744c00000, 0x0000000744c00000|100%|HC|  |TAMS 0x0000000744a00000, 0x0000000744c00000| Complete 
| 550|0x0000000744c00000, 0x0000000744e00000, 0x0000000744e00000|100%|HC|  |TAMS 0x0000000744c00000, 0x0000000744e00000| Complete 
| 551|0x0000000744e00000, 0x0000000745000000, 0x0000000745000000|100%|HC|  |TAMS 0x0000000744e00000, 0x0000000745000000| Complete 
| 552|0x0000000745000000, 0x0000000745200000, 0x0000000745200000|100%|HC|  |TAMS 0x0000000745000000, 0x0000000745200000| Complete 
| 553|0x0000000745200000, 0x0000000745400000, 0x0000000745400000|100%|HC|  |TAMS 0x0000000745200000, 0x0000000745400000| Complete 
| 554|0x0000000745400000, 0x0000000745600000, 0x0000000745600000|100%|HC|  |TAMS 0x0000000745400000, 0x0000000745600000| Complete 
| 555|0x0000000745600000, 0x0000000745800000, 0x0000000745800000|100%|HC|  |TAMS 0x0000000745600000, 0x0000000745800000| Complete 
| 556|0x0000000745800000, 0x0000000745a00000, 0x0000000745a00000|100%|HC|  |TAMS 0x0000000745800000, 0x0000000745a00000| Complete 
| 557|0x0000000745a00000, 0x0000000745c00000, 0x0000000745c00000|100%|HC|  |TAMS 0x0000000745a00000, 0x0000000745c00000| Complete 
| 558|0x0000000745c00000, 0x0000000745e00000, 0x0000000745e00000|100%|HC|  |TAMS 0x0000000745c00000, 0x0000000745e00000| Complete 
| 559|0x0000000745e00000, 0x0000000746000000, 0x0000000746000000|100%|HC|  |TAMS 0x0000000745e00000, 0x0000000746000000| Complete 
| 560|0x0000000746000000, 0x0000000746200000, 0x0000000746200000|100%|HC|  |TAMS 0x0000000746000000, 0x0000000746200000| Complete 
| 561|0x0000000746200000, 0x0000000746400000, 0x0000000746400000|100%|HC|  |TAMS 0x0000000746200000, 0x0000000746400000| Complete 
| 562|0x0000000746400000, 0x0000000746600000, 0x0000000746600000|100%|HC|  |TAMS 0x0000000746400000, 0x0000000746600000| Complete 
| 563|0x0000000746600000, 0x0000000746800000, 0x0000000746800000|100%|HC|  |TAMS 0x0000000746600000, 0x0000000746800000| Complete 
| 564|0x0000000746800000, 0x0000000746a00000, 0x0000000746a00000|100%|HC|  |TAMS 0x0000000746800000, 0x0000000746a00000| Complete 
| 565|0x0000000746a00000, 0x0000000746c00000, 0x0000000746c00000|100%|HC|  |TAMS 0x0000000746a00000, 0x0000000746c00000| Complete 
| 566|0x0000000746c00000, 0x0000000746e00000, 0x0000000746e00000|100%|HC|  |TAMS 0x0000000746c00000, 0x0000000746e00000| Complete 
| 567|0x0000000746e00000, 0x0000000747000000, 0x0000000747000000|100%|HC|  |TAMS 0x0000000746e00000, 0x0000000747000000| Complete 
| 568|0x0000000747000000, 0x0000000747200000, 0x0000000747200000|100%|HC|  |TAMS 0x0000000747000000, 0x0000000747200000| Complete 
| 569|0x0000000747200000, 0x0000000747400000, 0x0000000747400000|100%|HC|  |TAMS 0x0000000747200000, 0x0000000747400000| Complete 
| 570|0x0000000747400000, 0x0000000747600000, 0x0000000747600000|100%|HC|  |TAMS 0x0000000747400000, 0x0000000747600000| Complete 
| 571|0x0000000747600000, 0x0000000747800000, 0x0000000747800000|100%|HC|  |TAMS 0x0000000747600000, 0x0000000747800000| Complete 
| 572|0x0000000747800000, 0x0000000747a00000, 0x0000000747a00000|100%|HC|  |TAMS 0x0000000747800000, 0x0000000747a00000| Complete 
| 573|0x0000000747a00000, 0x0000000747c00000, 0x0000000747c00000|100%|HC|  |TAMS 0x0000000747a00000, 0x0000000747c00000| Complete 
| 574|0x0000000747c00000, 0x0000000747e00000, 0x0000000747e00000|100%|HC|  |TAMS 0x0000000747c00000, 0x0000000747e00000| Complete 
| 575|0x0000000747e00000, 0x0000000748000000, 0x0000000748000000|100%|HC|  |TAMS 0x0000000747e00000, 0x0000000748000000| Complete 
| 576|0x0000000748000000, 0x0000000748200000, 0x0000000748200000|100%|HC|  |TAMS 0x0000000748000000, 0x0000000748200000| Complete 
| 577|0x0000000748200000, 0x0000000748400000, 0x0000000748400000|100%|HC|  |TAMS 0x0000000748200000, 0x0000000748400000| Complete 
| 578|0x0000000748400000, 0x0000000748600000, 0x0000000748600000|100%|HC|  |TAMS 0x0000000748400000, 0x0000000748600000| Complete 
| 579|0x0000000748600000, 0x0000000748800000, 0x0000000748800000|100%|HC|  |TAMS 0x0000000748600000, 0x0000000748800000| Complete 
| 580|0x0000000748800000, 0x0000000748a00000, 0x0000000748a00000|100%|HC|  |TAMS 0x0000000748800000, 0x0000000748a00000| Complete 
| 581|0x0000000748a00000, 0x0000000748c00000, 0x0000000748c00000|100%|HC|  |TAMS 0x0000000748a00000, 0x0000000748c00000| Complete 
| 582|0x0000000748c00000, 0x0000000748e00000, 0x0000000748e00000|100%|HC|  |TAMS 0x0000000748c00000, 0x0000000748e00000| Complete 
| 583|0x0000000748e00000, 0x0000000749000000, 0x0000000749000000|100%|HC|  |TAMS 0x0000000748e00000, 0x0000000749000000| Complete 
| 584|0x0000000749000000, 0x0000000749200000, 0x0000000749200000|100%|HC|  |TAMS 0x0000000749000000, 0x0000000749200000| Complete 
| 585|0x0000000749200000, 0x0000000749400000, 0x0000000749400000|100%|HC|  |TAMS 0x0000000749200000, 0x0000000749400000| Complete 
| 586|0x0000000749400000, 0x0000000749400000, 0x0000000749600000|  0%| F|  |TAMS 0x0000000749400000, 0x0000000749400000| Untracked 
| 587|0x0000000749600000, 0x0000000749600000, 0x0000000749800000|  0%| F|  |TAMS 0x0000000749600000, 0x0000000749600000| Untracked 
| 588|0x0000000749800000, 0x0000000749800000, 0x0000000749a00000|  0%| F|  |TAMS 0x0000000749800000, 0x0000000749800000| Untracked 
| 589|0x0000000749a00000, 0x0000000749a00000, 0x0000000749c00000|  0%| F|  |TAMS 0x0000000749a00000, 0x0000000749a00000| Untracked 
| 590|0x0000000749c00000, 0x0000000749c00000, 0x0000000749e00000|  0%| F|  |TAMS 0x0000000749c00000, 0x0000000749c00000| Untracked 
| 591|0x0000000749e00000, 0x0000000749e00000, 0x000000074a000000|  0%| F|  |TAMS 0x0000000749e00000, 0x0000000749e00000| Untracked 
| 592|0x000000074a000000, 0x000000074a000000, 0x000000074a200000|  0%| F|  |TAMS 0x000000074a000000, 0x000000074a000000| Untracked 
| 593|0x000000074a200000, 0x000000074a200000, 0x000000074a400000|  0%| F|  |TAMS 0x000000074a200000, 0x000000074a200000| Untracked 
| 594|0x000000074a400000, 0x000000074a400000, 0x000000074a600000|  0%| F|  |TAMS 0x000000074a400000, 0x000000074a400000| Untracked 
| 595|0x000000074a600000, 0x000000074a600000, 0x000000074a800000|  0%| F|  |TAMS 0x000000074a600000, 0x000000074a600000| Untracked 
| 596|0x000000074a800000, 0x000000074a800000, 0x000000074aa00000|  0%| F|  |TAMS 0x000000074a800000, 0x000000074a800000| Untracked 
| 597|0x000000074aa00000, 0x000000074aa00000, 0x000000074ac00000|  0%| F|  |TAMS 0x000000074aa00000, 0x000000074aa00000| Untracked 
| 598|0x000000074ac00000, 0x000000074ac00000, 0x000000074ae00000|  0%| F|  |TAMS 0x000000074ac00000, 0x000000074ac00000| Untracked 
| 599|0x000000074ae00000, 0x000000074ae00000, 0x000000074b000000|  0%| F|  |TAMS 0x000000074ae00000, 0x000000074ae00000| Untracked 
| 600|0x000000074b000000, 0x000000074b000000, 0x000000074b200000|  0%| F|  |TAMS 0x000000074b000000, 0x000000074b000000| Untracked 
| 601|0x000000074b200000, 0x000000074b200000, 0x000000074b400000|  0%| F|  |TAMS 0x000000074b200000, 0x000000074b200000| Untracked 
| 602|0x000000074b400000, 0x000000074b400000, 0x000000074b600000|  0%| F|  |TAMS 0x000000074b400000, 0x000000074b400000| Untracked 
| 603|0x000000074b600000, 0x000000074b600000, 0x000000074b800000|  0%| F|  |TAMS 0x000000074b600000, 0x000000074b600000| Untracked 
| 604|0x000000074b800000, 0x000000074b800000, 0x000000074ba00000|  0%| F|  |TAMS 0x000000074b800000, 0x000000074b800000| Untracked 
| 605|0x000000074ba00000, 0x000000074ba00000, 0x000000074bc00000|  0%| F|  |TAMS 0x000000074ba00000, 0x000000074ba00000| Untracked 
| 606|0x000000074bc00000, 0x000000074bc00000, 0x000000074be00000|  0%| F|  |TAMS 0x000000074bc00000, 0x000000074bc00000| Untracked 
| 607|0x000000074be00000, 0x000000074be00000, 0x000000074c000000|  0%| F|  |TAMS 0x000000074be00000, 0x000000074be00000| Untracked 
| 608|0x000000074c000000, 0x000000074c000000, 0x000000074c200000|  0%| F|  |TAMS 0x000000074c000000, 0x000000074c000000| Untracked 
| 609|0x000000074c200000, 0x000000074c200000, 0x000000074c400000|  0%| F|  |TAMS 0x000000074c200000, 0x000000074c200000| Untracked 
| 610|0x000000074c400000, 0x000000074c400000, 0x000000074c600000|  0%| F|  |TAMS 0x000000074c400000, 0x000000074c400000| Untracked 
| 611|0x000000074c600000, 0x000000074c600000, 0x000000074c800000|  0%| F|  |TAMS 0x000000074c600000, 0x000000074c600000| Untracked 
| 612|0x000000074c800000, 0x000000074c800000, 0x000000074ca00000|  0%| F|  |TAMS 0x000000074c800000, 0x000000074c800000| Untracked 
| 613|0x000000074ca00000, 0x000000074ca00000, 0x000000074cc00000|  0%| F|  |TAMS 0x000000074ca00000, 0x000000074ca00000| Untracked 
| 614|0x000000074cc00000, 0x000000074cc00000, 0x000000074ce00000|  0%| F|  |TAMS 0x000000074cc00000, 0x000000074cc00000| Untracked 
| 615|0x000000074ce00000, 0x000000074ce00000, 0x000000074d000000|  0%| F|  |TAMS 0x000000074ce00000, 0x000000074ce00000| Untracked 
| 616|0x000000074d000000, 0x000000074d000000, 0x000000074d200000|  0%| F|  |TAMS 0x000000074d000000, 0x000000074d000000| Untracked 
| 617|0x000000074d200000, 0x000000074d200000, 0x000000074d400000|  0%| F|  |TAMS 0x000000074d200000, 0x000000074d200000| Untracked 
| 618|0x000000074d400000, 0x000000074d400000, 0x000000074d600000|  0%| F|  |TAMS 0x000000074d400000, 0x000000074d400000| Untracked 
| 619|0x000000074d600000, 0x000000074d600000, 0x000000074d800000|  0%| F|  |TAMS 0x000000074d600000, 0x000000074d600000| Untracked 
| 620|0x000000074d800000, 0x000000074d800000, 0x000000074da00000|  0%| F|  |TAMS 0x000000074d800000, 0x000000074d800000| Untracked 
| 621|0x000000074da00000, 0x000000074da00000, 0x000000074dc00000|  0%| F|  |TAMS 0x000000074da00000, 0x000000074da00000| Untracked 
| 622|0x000000074dc00000, 0x000000074dc00000, 0x000000074de00000|  0%| F|  |TAMS 0x000000074dc00000, 0x000000074dc00000| Untracked 
| 623|0x000000074de00000, 0x000000074de00000, 0x000000074e000000|  0%| F|  |TAMS 0x000000074de00000, 0x000000074de00000| Untracked 
| 624|0x000000074e000000, 0x000000074e000000, 0x000000074e200000|  0%| F|  |TAMS 0x000000074e000000, 0x000000074e000000| Untracked 
| 625|0x000000074e200000, 0x000000074e200000, 0x000000074e400000|  0%| F|  |TAMS 0x000000074e200000, 0x000000074e200000| Untracked 
| 626|0x000000074e400000, 0x000000074e400000, 0x000000074e600000|  0%| F|  |TAMS 0x000000074e400000, 0x000000074e400000| Untracked 
| 627|0x000000074e600000, 0x000000074e600000, 0x000000074e800000|  0%| F|  |TAMS 0x000000074e600000, 0x000000074e600000| Untracked 
| 628|0x000000074e800000, 0x000000074e800000, 0x000000074ea00000|  0%| F|  |TAMS 0x000000074e800000, 0x000000074e800000| Untracked 
| 629|0x000000074ea00000, 0x000000074ea00000, 0x000000074ec00000|  0%| F|  |TAMS 0x000000074ea00000, 0x000000074ea00000| Untracked 
| 630|0x000000074ec00000, 0x000000074ec00000, 0x000000074ee00000|  0%| F|  |TAMS 0x000000074ec00000, 0x000000074ec00000| Untracked 
| 631|0x000000074ee00000, 0x000000074ee00000, 0x000000074f000000|  0%| F|  |TAMS 0x000000074ee00000, 0x000000074ee00000| Untracked 
| 632|0x000000074f000000, 0x000000074f000000, 0x000000074f200000|  0%| F|  |TAMS 0x000000074f000000, 0x000000074f000000| Untracked 
| 633|0x000000074f200000, 0x000000074f200000, 0x000000074f400000|  0%| F|  |TAMS 0x000000074f200000, 0x000000074f200000| Untracked 
| 634|0x000000074f400000, 0x000000074f400000, 0x000000074f600000|  0%| F|  |TAMS 0x000000074f400000, 0x000000074f400000| Untracked 
| 635|0x000000074f600000, 0x000000074f600000, 0x000000074f800000|  0%| F|  |TAMS 0x000000074f600000, 0x000000074f600000| Untracked 
| 636|0x000000074f800000, 0x000000074f800000, 0x000000074fa00000|  0%| F|  |TAMS 0x000000074f800000, 0x000000074f800000| Untracked 
| 637|0x000000074fa00000, 0x000000074fa00000, 0x000000074fc00000|  0%| F|  |TAMS 0x000000074fa00000, 0x000000074fa00000| Untracked 
| 638|0x000000074fc00000, 0x000000074fc00000, 0x000000074fe00000|  0%| F|  |TAMS 0x000000074fc00000, 0x000000074fc00000| Untracked 
| 639|0x000000074fe00000, 0x000000074fe00000, 0x0000000750000000|  0%| F|  |TAMS 0x000000074fe00000, 0x000000074fe00000| Untracked 
| 640|0x0000000750000000, 0x0000000750000000, 0x0000000750200000|  0%| F|  |TAMS 0x0000000750000000, 0x0000000750000000| Untracked 
| 641|0x0000000750200000, 0x0000000750200000, 0x0000000750400000|  0%| F|  |TAMS 0x0000000750200000, 0x0000000750200000| Untracked 
| 642|0x0000000750400000, 0x0000000750400000, 0x0000000750600000|  0%| F|  |TAMS 0x0000000750400000, 0x0000000750400000| Untracked 
| 643|0x0000000750600000, 0x0000000750600000, 0x0000000750800000|  0%| F|  |TAMS 0x0000000750600000, 0x0000000750600000| Untracked 
| 644|0x0000000750800000, 0x0000000750800000, 0x0000000750a00000|  0%| F|  |TAMS 0x0000000750800000, 0x0000000750800000| Untracked 
| 645|0x0000000750a00000, 0x0000000750a00000, 0x0000000750c00000|  0%| F|  |TAMS 0x0000000750a00000, 0x0000000750a00000| Untracked 
| 646|0x0000000750c00000, 0x0000000750c00000, 0x0000000750e00000|  0%| F|  |TAMS 0x0000000750c00000, 0x0000000750c00000| Untracked 
| 647|0x0000000750e00000, 0x0000000750e00000, 0x0000000751000000|  0%| F|  |TAMS 0x0000000750e00000, 0x0000000750e00000| Untracked 
| 648|0x0000000751000000, 0x0000000751000000, 0x0000000751200000|  0%| F|  |TAMS 0x0000000751000000, 0x0000000751000000| Untracked 
| 649|0x0000000751200000, 0x0000000751200000, 0x0000000751400000|  0%| F|  |TAMS 0x0000000751200000, 0x0000000751200000| Untracked 
| 650|0x0000000751400000, 0x0000000751400000, 0x0000000751600000|  0%| F|  |TAMS 0x0000000751400000, 0x0000000751400000| Untracked 
| 651|0x0000000751600000, 0x0000000751600000, 0x0000000751800000|  0%| F|  |TAMS 0x0000000751600000, 0x0000000751600000| Untracked 
| 652|0x0000000751800000, 0x0000000751800000, 0x0000000751a00000|  0%| F|  |TAMS 0x0000000751800000, 0x0000000751800000| Untracked 
| 653|0x0000000751a00000, 0x0000000751a00000, 0x0000000751c00000|  0%| F|  |TAMS 0x0000000751a00000, 0x0000000751a00000| Untracked 
| 654|0x0000000751c00000, 0x0000000751c00000, 0x0000000751e00000|  0%| F|  |TAMS 0x0000000751c00000, 0x0000000751c00000| Untracked 
| 655|0x0000000751e00000, 0x0000000751e00000, 0x0000000752000000|  0%| F|  |TAMS 0x0000000751e00000, 0x0000000751e00000| Untracked 

Card table byte_map: [0x000001d2f1fe0000,0x000001d2f27e0000] _byte_map_base: 0x000001d2ee7e0000

Marking Bits (Prev, Next): (CMBitMap*) 0x000001d2dac67aa0, (CMBitMap*) 0x000001d2dac67a60
 Prev Bits: [0x000001d2f6fe0000, 0x000001d2fafe0000)
 Next Bits: [0x000001d2f2fe0000, 0x000001d2f6fe0000)

Polling page: 0x000001d2d8b40000

Metaspace:

Usage:
  Non-class:     95.31 MB used.
      Class:     15.41 MB used.
       Both:    110.71 MB used.

Virtual space:
  Non-class space:      128.00 MB reserved,      95.88 MB ( 75%) committed,  2 nodes.
      Class space:      416.00 MB reserved,      15.94 MB (  4%) committed,  1 nodes.
             Both:      544.00 MB reserved,     111.81 MB ( 21%) committed. 

Chunk freelists:
   Non-Class:  15.70 MB
       Class:  16.00 KB
        Both:  15.72 MB

MaxMetaspaceSize: 512.00 MB
CompressedClassSpaceSize: 416.00 MB
Initial GC threshold: 21.00 MB
Current GC threshold: 186.25 MB
CDS: on
MetaspaceReclaimPolicy: balanced
 - commit_granule_bytes: 65536.
 - commit_granule_words: 8192.
 - virtual_space_node_default_size: 8388608.
 - enlarge_chunks_in_place: 1.
 - new_chunks_are_fully_committed: 0.
 - uncommit_free_chunks: 1.
 - use_allocation_guard: 0.
 - handle_deallocations: 1.


Internal statistics:

num_allocs_failed_limit: 9.
num_arena_births: 1608.
num_arena_deaths: 0.
num_vsnodes_births: 3.
num_vsnodes_deaths: 0.
num_space_committed: 1789.
num_space_uncommitted: 0.
num_chunks_returned_to_freelist: 9.
num_chunks_taken_from_freelist: 6791.
num_chunk_merges: 9.
num_chunk_splits: 4325.
num_chunks_enlarged: 2705.
num_inconsistent_stats: 0.

CodeHeap 'non-profiled nmethods': size=120000Kb used=10693Kb max_used=10693Kb free=109306Kb
 bounds [0x000001d2e9f70000, 0x000001d2ea9f0000, 0x000001d2f14a0000]
CodeHeap 'profiled nmethods': size=120000Kb used=27321Kb max_used=27321Kb free=92679Kb
 bounds [0x000001d2e24a0000, 0x000001d2e3f50000, 0x000001d2e99d0000]
CodeHeap 'non-nmethods': size=5760Kb used=2447Kb max_used=2570Kb free=3312Kb
 bounds [0x000001d2e99d0000, 0x000001d2e9c60000, 0x000001d2e9f70000]
 total_blobs=14853 nmethods=13865 adapters=898
 compilation: enabled
              stopped_count=0, restarted_count=0
 full_count=0

Compilation events (20 events):
Event: 41.849 Thread 0x000001d2a3a713b0 nmethod 16124 0x000001d2ea9d9290 code [0x000001d2ea9d9420, 0x000001d2ea9d9558]
Event: 41.850 Thread 0x000001d2a3a758c0 nmethod 16125 0x000001d2ea9d9710 code [0x000001d2ea9d98a0, 0x000001d2ea9d9978]
Event: 41.852 Thread 0x000001d2a3a758c0 16126   !   4       com.google.common.cache.LocalCache$LoadingValueReference::loadFuture (123 bytes)
Event: 41.861 Thread 0x000001d2a3a713b0 16127       4       java.util.LinkedHashMap$LinkedValueIterator::<init> (11 bytes)
Event: 41.862 Thread 0x000001d2a3a758c0 nmethod 16126 0x000001d2ea9d9a90 code [0x000001d2ea9d9c80, 0x000001d2ea9da288]
Event: 41.865 Thread 0x000001d2a3a713b0 nmethod 16127 0x000001d2ea9da790 code [0x000001d2ea9da900, 0x000001d2ea9dacb8]
Event: 41.944 Thread 0x000001d2fd7ff320 16128   !   4       com.google.common.cache.LocalCache::processPendingNotifications (47 bytes)
Event: 41.976 Thread 0x000001d2fd7ff320 nmethod 16128 0x000001d2ea9dad90 code [0x000001d2ea9daf40, 0x000001d2ea9dbbb8]
Event: 42.002 Thread 0x000001d2fd7ff320 16129   !   4       sun.nio.fs.WindowsDirectoryStream::<init> (175 bytes)
Event: 42.031 Thread 0x000001d2fd800cf0 16131       3       org.gradle.internal.operations.DefaultBuildOperationQueue$WorkerRunnable::doRunBatch (44 bytes)
Event: 42.032 Thread 0x000001d2fd800cf0 nmethod 16131 0x000001d2e3f4d910 code [0x000001d2e3f4db20, 0x000001d2e3f4e088]
Event: 42.066 Thread 0x000001d2fd7ff320 nmethod 16129 0x000001d2ea9dc010 code [0x000001d2ea9dc320, 0x000001d2ea9de518]
Event: 42.066 Thread 0x000001d2fd7ff320 16130   !   4       sun.nio.fs.WindowsNativeDispatcher::FindFirstFile (38 bytes)
Event: 42.091 Thread 0x000001d2fd7ff320 nmethod 16130 0x000001d2ea9df490 code [0x000001d2ea9df720, 0x000001d2ea9e0820]
Event: 42.336 Thread 0x000001d2fd800cf0 16132       3       org.gradle.internal.serialize.InputStreamBackedDecoder::readInt (8 bytes)
Event: 42.337 Thread 0x000001d2fd800cf0 nmethod 16132 0x000001d2e3f4e490 code [0x000001d2e3f4e640, 0x000001d2e3f4e788]
Event: 42.337 Thread 0x000001d2fd800cf0 16133       3       org.gradle.internal.serialize.InputStreamBackedDecoder::readString (8 bytes)
Event: 42.337 Thread 0x000001d2fd800cf0 nmethod 16133 0x000001d2e3f4e890 code [0x000001d2e3f4ea40, 0x000001d2e3f4ebe8]
Event: 43.158 Thread 0x000001d2fd7ff320 16134       4       org.gradle.internal.time.DefaultCountdownTimer::hasExpired (15 bytes)
Event: 43.159 Thread 0x000001d2fd7ff320 nmethod 16134 0x000001d2ea9e1190 code [0x000001d2ea9e1320, 0x000001d2ea9e14f8]

GC Heap History (20 events):
Event: 33.625 GC heap before
{Heap before GC invocations=49 (full 0):
 garbage-first heap   total 235520K, used 184502K [0x0000000700000000, 0x0000000800000000)
  region size 2048K, 30 young (61440K), 4 survivors (8192K)
 Metaspace       used 104443K, committed 105472K, reserved 557056K
  class space    used 14577K, committed 15040K, reserved 425984K
}
Event: 33.633 GC heap after
{Heap after GC invocations=50 (full 0):
 garbage-first heap   total 235520K, used 140640K [0x0000000700000000, 0x0000000800000000)
  region size 2048K, 3 young (6144K), 3 survivors (6144K)
 Metaspace       used 104443K, committed 105472K, reserved 557056K
  class space    used 14577K, committed 15040K, reserved 425984K
}
Event: 34.481 GC heap before
{Heap before GC invocations=51 (full 0):
 garbage-first heap   total 249856K, used 189792K [0x0000000700000000, 0x0000000800000000)
  region size 2048K, 27 young (55296K), 3 survivors (6144K)
 Metaspace       used 107281K, committed 108416K, reserved 557056K
  class space    used 14987K, committed 15488K, reserved 425984K
}
Event: 34.491 GC heap after
{Heap after GC invocations=52 (full 0):
 garbage-first heap   total 249856K, used 144699K [0x0000000700000000, 0x0000000800000000)
  region size 2048K, 2 young (4096K), 2 survivors (4096K)
 Metaspace       used 107281K, committed 108416K, reserved 557056K
  class space    used 14987K, committed 15488K, reserved 425984K
}
Event: 35.723 GC heap before
{Heap before GC invocations=52 (full 0):
 garbage-first heap   total 249856K, used 199995K [0x0000000700000000, 0x0000000800000000)
  region size 2048K, 29 young (59392K), 2 survivors (4096K)
 Metaspace       used 110433K, committed 111616K, reserved 557056K
  class space    used 15390K, committed 15936K, reserved 425984K
}
Event: 35.735 GC heap after
{Heap after GC invocations=53 (full 0):
 garbage-first heap   total 249856K, used 148848K [0x0000000700000000, 0x0000000800000000)
  region size 2048K, 4 young (8192K), 4 survivors (8192K)
 Metaspace       used 110433K, committed 111616K, reserved 557056K
  class space    used 15390K, committed 15936K, reserved 425984K
}
Event: 36.744 GC heap before
{Heap before GC invocations=54 (full 0):
 garbage-first heap   total 270336K, used 200048K [0x0000000700000000, 0x0000000800000000)
  region size 2048K, 29 young (59392K), 4 survivors (8192K)
 Metaspace       used 112102K, committed 113216K, reserved 557056K
  class space    used 15607K, committed 16128K, reserved 425984K
}
Event: 36.758 GC heap after
{Heap after GC invocations=55 (full 0):
 garbage-first heap   total 270336K, used 153773K [0x0000000700000000, 0x0000000800000000)
  region size 2048K, 3 young (6144K), 3 survivors (6144K)
 Metaspace       used 112102K, committed 113216K, reserved 557056K
  class space    used 15607K, committed 16128K, reserved 425984K
}
Event: 36.881 GC heap before
{Heap before GC invocations=55 (full 0):
 garbage-first heap   total 270336K, used 159917K [0x0000000700000000, 0x0000000800000000)
  region size 2048K, 6 young (12288K), 3 survivors (6144K)
 Metaspace       used 112144K, committed 113280K, reserved 557056K
  class space    used 15607K, committed 16128K, reserved 425984K
}
Event: 36.889 GC heap after
{Heap after GC invocations=56 (full 0):
 garbage-first heap   total 325632K, used 153758K [0x0000000700000000, 0x0000000800000000)
  region size 2048K, 1 young (2048K), 1 survivors (2048K)
 Metaspace       used 112144K, committed 113280K, reserved 557056K
  class space    used 15607K, committed 16128K, reserved 425984K
}
Event: 37.808 GC heap before
{Heap before GC invocations=56 (full 0):
 garbage-first heap   total 325632K, used 200862K [0x0000000700000000, 0x0000000800000000)
  region size 2048K, 26 young (53248K), 1 survivors (2048K)
 Metaspace       used 113268K, committed 114432K, reserved 557056K
  class space    used 15770K, committed 16320K, reserved 425984K
}
Event: 37.819 GC heap after
{Heap after GC invocations=57 (full 0):
 garbage-first heap   total 325632K, used 158339K [0x0000000700000000, 0x0000000800000000)
  region size 2048K, 3 young (6144K), 3 survivors (6144K)
 Metaspace       used 113268K, committed 114432K, reserved 557056K
  class space    used 15770K, committed 16320K, reserved 425984K
}
Event: 40.155 GC heap before
{Heap before GC invocations=58 (full 0):
 garbage-first heap   total 735232K, used 678531K [0x0000000700000000, 0x0000000800000000)
  region size 2048K, 36 young (73728K), 3 survivors (6144K)
 Metaspace       used 113366K, committed 114496K, reserved 557056K
  class space    used 15775K, committed 16320K, reserved 425984K
}
Event: 40.165 GC heap after
{Heap after GC invocations=59 (full 0):
 garbage-first heap   total 735232K, used 212858K [0x0000000700000000, 0x0000000800000000)
  region size 2048K, 5 young (10240K), 5 survivors (10240K)
 Metaspace       used 113366K, committed 114496K, reserved 557056K
  class space    used 15775K, committed 16320K, reserved 425984K
}
Event: 41.142 GC heap before
{Heap before GC invocations=59 (full 0):
 garbage-first heap   total 735232K, used 622458K [0x0000000700000000, 0x0000000800000000)
  region size 2048K, 17 young (34816K), 5 survivors (10240K)
 Metaspace       used 113368K, committed 114496K, reserved 557056K
  class space    used 15775K, committed 16320K, reserved 425984K
}
Event: 41.148 GC heap after
{Heap after GC invocations=60 (full 0):
 garbage-first heap   total 735232K, used 304670K [0x0000000700000000, 0x0000000800000000)
  region size 2048K, 3 young (6144K), 3 survivors (6144K)
 Metaspace       used 113368K, committed 114496K, reserved 557056K
  class space    used 15775K, committed 16320K, reserved 425984K
}
Event: 43.359 GC heap before
{Heap before GC invocations=60 (full 0):
 garbage-first heap   total 935936K, used 800286K [0x0000000700000000, 0x0000000800000000)
  region size 2048K, 84 young (172032K), 3 survivors (6144K)
 Metaspace       used 113370K, committed 114496K, reserved 557056K
  class space    used 15775K, committed 16320K, reserved 425984K
}
Event: 43.366 GC heap after
{Heap after GC invocations=61 (full 0):
 garbage-first heap   total 935936K, used 480747K [0x0000000700000000, 0x0000000800000000)
  region size 2048K, 16 young (32768K), 16 survivors (32768K)
 Metaspace       used 113370K, committed 114496K, reserved 557056K
  class space    used 15775K, committed 16320K, reserved 425984K
}
Event: 43.772 GC heap before
{Heap before GC invocations=61 (full 0):
 garbage-first heap   total 1200128K, used 744939K [0x0000000700000000, 0x0000000800000000)
  region size 2048K, 17 young (34816K), 16 survivors (32768K)
 Metaspace       used 113370K, committed 114496K, reserved 557056K
  class space    used 15775K, committed 16320K, reserved 425984K
}
Event: 43.776 GC heap after
{Heap after GC invocations=62 (full 0):
 garbage-first heap   total 1200128K, used 612918K [0x0000000700000000, 0x0000000800000000)
  region size 2048K, 1 young (2048K), 1 survivors (2048K)
 Metaspace       used 113370K, committed 114496K, reserved 557056K
  class space    used 15775K, committed 16320K, reserved 425984K
}

Deoptimization events (20 events):
Event: 39.286 Thread 0x000001d2fe431700 Uncommon trap: trap_request=0xffffff45 fr.pc=0x000001d2ea50e7f8 relative=0x0000000000000b18
Event: 39.286 Thread 0x000001d2fe431700 Uncommon trap: reason=unstable_if action=reinterpret pc=0x000001d2ea50e7f8 method=sun.nio.fs.WindowsPath.getFileName()Ljava/nio/file/Path; @ 45 c2
Event: 39.286 Thread 0x000001d2fe431700 DEOPT PACKING pc=0x000001d2ea50e7f8 sp=0x0000006e93cfc040
Event: 39.286 Thread 0x000001d2fe431700 DEOPT UNPACKING pc=0x000001d2e9a223a3 sp=0x0000006e93cfc028 mode 2
Event: 39.286 Thread 0x000001d2fe431700 Uncommon trap: trap_request=0xffffffde fr.pc=0x000001d2ea09197c relative=0x00000000000016dc
Event: 39.286 Thread 0x000001d2fe431700 Uncommon trap: reason=class_check action=maybe_recompile pc=0x000001d2ea09197c method=java.util.zip.InflaterInputStream.read([BII)I @ 100 c2
Event: 39.286 Thread 0x000001d2fe431700 DEOPT PACKING pc=0x000001d2ea09197c sp=0x0000006e93cfbe00
Event: 39.286 Thread 0x000001d2fe431700 DEOPT UNPACKING pc=0x000001d2e9a223a3 sp=0x0000006e93cfbe50 mode 2
Event: 39.344 Thread 0x000001d2ff194890 Uncommon trap: trap_request=0xffffff45 fr.pc=0x000001d2ea368a00 relative=0x0000000000000180
Event: 39.344 Thread 0x000001d2ff194890 Uncommon trap: reason=unstable_if action=reinterpret pc=0x000001d2ea368a00 method=java.util.concurrent.locks.ReentrantLock$Sync.tryLock()Z @ 34 c2
Event: 39.344 Thread 0x000001d2ff194890 DEOPT PACKING pc=0x000001d2ea368a00 sp=0x0000006e943fea20
Event: 39.344 Thread 0x000001d2ff194890 DEOPT UNPACKING pc=0x000001d2e9a223a3 sp=0x0000006e943fe9d0 mode 2
Event: 39.615 Thread 0x000001d2fe431700 Uncommon trap: trap_request=0xffffff45 fr.pc=0x000001d2ea9acf88 relative=0x00000000000001c8
Event: 39.615 Thread 0x000001d2fe431700 Uncommon trap: reason=unstable_if action=reinterpret pc=0x000001d2ea9acf88 method=java.util.zip.ZipInputStream.read([BII)I @ 50 c2
Event: 39.615 Thread 0x000001d2fe431700 DEOPT PACKING pc=0x000001d2ea9acf88 sp=0x0000006e93cfc050
Event: 39.615 Thread 0x000001d2fe431700 DEOPT UNPACKING pc=0x000001d2e9a223a3 sp=0x0000006e93cfc010 mode 2
Event: 40.477 Thread 0x000001d29f3f3bb0 Uncommon trap: trap_request=0xffffff45 fr.pc=0x000001d2ea61e09c relative=0x000000000000165c
Event: 40.477 Thread 0x000001d29f3f3bb0 Uncommon trap: reason=unstable_if action=reinterpret pc=0x000001d2ea61e09c method=java.util.concurrent.ConcurrentHashMap.computeIfAbsent(Ljava/lang/Object;Ljava/util/function/Function;)Ljava/lang/Object; @ 104 c2
Event: 40.477 Thread 0x000001d29f3f3bb0 DEOPT PACKING pc=0x000001d2ea61e09c sp=0x0000006e8e3fe3b0
Event: 40.477 Thread 0x000001d29f3f3bb0 DEOPT UNPACKING pc=0x000001d2e9a223a3 sp=0x0000006e8e3fe338 mode 2

Classes unloaded (0 events):
No events

Classes redefined (0 events):
No events

Internal exceptions (20 events):
Event: 34.237 Thread 0x000001d29f3f0400 Exception <a 'sun/nio/fs/WindowsException'{0x000000070d2a9ef8}> (0x000000070d2a9ef8) 
thrown [s\open\src\hotspot\share\prims\jni.cpp, line 516]
Event: 34.237 Thread 0x000001d29f3f0400 Exception <a 'sun/nio/fs/WindowsException'{0x000000070d2ab498}> (0x000000070d2ab498) 
thrown [s\open\src\hotspot\share\prims\jni.cpp, line 516]
Event: 34.237 Thread 0x000001d29f3f0400 Exception <a 'sun/nio/fs/WindowsException'{0x000000070d2aca88}> (0x000000070d2aca88) 
thrown [s\open\src\hotspot\share\prims\jni.cpp, line 516]
Event: 34.237 Thread 0x000001d29f3f0400 Exception <a 'sun/nio/fs/WindowsException'{0x000000070d2ae078}> (0x000000070d2ae078) 
thrown [s\open\src\hotspot\share\prims\jni.cpp, line 516]
Event: 34.420 Thread 0x000001d29f3f0400 Exception <a 'java/lang/NullPointerException'{0x000000070c6d1a98}> (0x000000070c6d1a98) 
thrown [s\open\src\hotspot\share\interpreter\linkResolver.cpp, line 1433]
Event: 34.582 Thread 0x000001d29f3f0400 Implicit null exception at 0x000001d2ea112540 to 0x000001d2ea113bd4
Event: 35.148 Thread 0x000001d29f3f0400 Exception <a 'java/lang/NoSuchMethodError'{0x000000070d2f7318}: 'int java.lang.invoke.DirectMethodHandle$Holder.invokeSpecial(java.lang.Object, java.lang.Object, int)'> (0x000000070d2f7318) 
thrown [s\open\src\hotspot\share\interpreter\linkResolver.cpp, line 759]
Event: 35.667 Thread 0x000001d29f3f0400 Implicit null exception at 0x000001d2ea87626a to 0x000001d2ea876e28
Event: 35.668 Thread 0x000001d29f3f0400 Implicit null exception at 0x000001d2ea873712 to 0x000001d2ea8737fa
Event: 35.713 Thread 0x000001d29f3f0400 Implicit null exception at 0x000001d2ea8789cb to 0x000001d2ea878a94
Event: 35.921 Thread 0x000001d29f3f0400 Implicit null exception at 0x000001d2ea8941a0 to 0x000001d2ea8949ec
Event: 35.959 Thread 0x000001d29f3f0400 Implicit null exception at 0x000001d2ea895ca5 to 0x000001d2ea897300
Event: 36.462 Thread 0x000001d29f3f0400 Implicit null exception at 0x000001d2ea8d150a to 0x000001d2ea8d199c
Event: 36.585 Thread 0x000001d29f3f0400 Exception <a 'sun/nio/fs/WindowsException'{0x000000070dfc8748}> (0x000000070dfc8748) 
thrown [s\open\src\hotspot\share\prims\jni.cpp, line 516]
Event: 36.585 Thread 0x000001d29f3f0400 Exception <a 'sun/nio/fs/WindowsException'{0x000000070dfc9ce8}> (0x000000070dfc9ce8) 
thrown [s\open\src\hotspot\share\prims\jni.cpp, line 516]
Event: 36.586 Thread 0x000001d29f3f0400 Exception <a 'sun/nio/fs/WindowsException'{0x000000070dfcb2d8}> (0x000000070dfcb2d8) 
thrown [s\open\src\hotspot\share\prims\jni.cpp, line 516]
Event: 36.586 Thread 0x000001d29f3f0400 Exception <a 'sun/nio/fs/WindowsException'{0x000000070dfcc8c8}> (0x000000070dfcc8c8) 
thrown [s\open\src\hotspot\share\prims\jni.cpp, line 516]
Event: 37.417 Thread 0x000001d29f3f0400 Exception <a 'java/lang/IncompatibleClassChangeError'{0x00000007121b8108}: Found class java.lang.Object, but interface was expected> (0x00000007121b8108) 
thrown [s\open\src\hotspot\share\interpreter\linkResolver.cpp, line 826]
Event: 37.612 Thread 0x000001d2a26dd510 Exception <a 'sun/nio/fs/WindowsException'{0x0000000711bcc7a8}> (0x0000000711bcc7a8) 
thrown [s\open\src\hotspot\share\prims\jni.cpp, line 516]
Event: 37.624 Thread 0x000001d2a26dd510 Exception <a 'java/lang/NoSuchMethodError'{0x0000000711801368}: static Lcom/android/build/api/variant/BuildConfigField;.<clinit>()V> (0x0000000711801368) 
thrown [s\open\src\hotspot\share\prims\jni.cpp, line 1107]

VM Operations (20 events):
Event: 37.808 Executing VM operation: G1TryInitiateConcMark
Event: 37.826 Executing VM operation: G1TryInitiateConcMark done
Event: 38.074 Executing VM operation: G1Concurrent
Event: 38.147 Executing VM operation: G1Concurrent done
Event: 38.268 Executing VM operation: G1Concurrent
Event: 38.268 Executing VM operation: G1Concurrent done
Event: 39.272 Executing VM operation: Cleanup
Event: 39.272 Executing VM operation: Cleanup done
Event: 40.155 Executing VM operation: G1CollectForAllocation
Event: 40.165 Executing VM operation: G1CollectForAllocation done
Event: 41.142 Executing VM operation: G1CollectForAllocation
Event: 41.148 Executing VM operation: G1CollectForAllocation done
Event: 42.148 Executing VM operation: Cleanup
Event: 42.148 Executing VM operation: Cleanup done
Event: 43.162 Executing VM operation: Cleanup
Event: 43.162 Executing VM operation: Cleanup done
Event: 43.359 Executing VM operation: G1TryInitiateConcMark
Event: 43.366 Executing VM operation: G1TryInitiateConcMark done
Event: 43.771 Executing VM operation: G1TryInitiateConcMark
Event: 43.776 Executing VM operation: G1TryInitiateConcMark done

Events (20 events):
Event: 35.242 Thread 0x000001d2fd80e760 flushing nmethod 0x000001d2e2bf3010
Event: 35.862 loading class java/io/NotSerializableException
Event: 35.862 loading class java/io/NotSerializableException done
Event: 37.499 Thread 0x000001d2a4398b20 Thread added: 0x000001d2a4398b20
Event: 37.621 loading class java/util/concurrent/ConcurrentSkipListMap$KeySet
Event: 37.622 loading class java/util/concurrent/ConcurrentSkipListMap$KeySet done
Event: 37.622 loading class java/util/concurrent/ConcurrentSkipListMap$KeyIterator
Event: 37.622 loading class java/util/concurrent/ConcurrentSkipListMap$KeyIterator done
Event: 38.780 Thread 0x000001d2a3a76e00 Thread exited: 0x000001d2a3a76e00
Event: 38.780 Thread 0x000001d2a3a713b0 Thread exited: 0x000001d2a3a713b0
Event: 39.278 loading class java/util/zip/ZipInputStream
Event: 39.280 loading class java/util/zip/ZipInputStream done
Event: 39.280 loading class java/io/PushbackInputStream
Event: 39.281 loading class java/io/PushbackInputStream done
Event: 39.334 Thread 0x000001d2a3a713b0 Thread added: 0x000001d2a3a713b0
Event: 39.723 Thread 0x000001d2a3a713b0 Thread exited: 0x000001d2a3a713b0
Event: 41.458 Thread 0x000001d2a3a713b0 Thread added: 0x000001d2a3a713b0
Event: 41.458 Thread 0x000001d2a3a758c0 Thread added: 0x000001d2a3a758c0
Event: 42.002 Thread 0x000001d2a3a758c0 Thread exited: 0x000001d2a3a758c0
Event: 42.002 Thread 0x000001d2a3a713b0 Thread exited: 0x000001d2a3a713b0


Dynamic libraries:
0x00007ff669e20000 - 0x00007ff669e30000 	D:\java\bin\java.exe
0x00007fff335c0000 - 0x00007fff33826000 	C:\WINDOWS\SYSTEM32\ntdll.dll
0x00007fff319b0000 - 0x00007fff31a79000 	C:\WINDOWS\System32\KERNEL32.DLL
0x00007fff30ab0000 - 0x00007fff30eaf000 	C:\WINDOWS\System32\KERNELBASE.dll
0x00007fff30890000 - 0x00007fff309dc000 	C:\WINDOWS\System32\ucrtbase.dll
0x00007fff2b150000 - 0x00007fff2b169000 	D:\java\bin\jli.dll
0x00007fff2b200000 - 0x00007fff2b21b000 	D:\java\bin\VCRUNTIME140.dll
0x00007fff31bf0000 - 0x00007fff31cac000 	C:\WINDOWS\System32\ADVAPI32.dll
0x00007fff31800000 - 0x00007fff318a9000 	C:\WINDOWS\System32\msvcrt.dll
0x00007fff31900000 - 0x00007fff319aa000 	C:\WINDOWS\System32\sechost.dll
0x00007fff33460000 - 0x00007fff33578000 	C:\WINDOWS\System32\RPCRT4.dll
0x00007fff33290000 - 0x00007fff33456000 	C:\WINDOWS\System32\USER32.dll
0x00007fff152e0000 - 0x00007fff15571000 	C:\WINDOWS\WinSxS\amd64_microsoft.windows.common-controls_6595b64144ccf1df_6.0.26100.8972_none_3e0da176e32f9d4b\COMCTL32.dll
0x00007fff31190000 - 0x00007fff311b7000 	C:\WINDOWS\System32\win32u.dll
0x00007fff31f20000 - 0x00007fff31f4b000 	C:\WINDOWS\System32\GDI32.dll
0x00007fff311c0000 - 0x00007fff312e9000 	C:\WINDOWS\System32\gdi32full.dll
0x00007fff310e0000 - 0x00007fff31183000 	C:\WINDOWS\System32\msvcp_win.dll
0x00007fff27010000 - 0x00007fff2701b000 	C:\WINDOWS\SYSTEM32\VERSION.dll
0x00007fff313d0000 - 0x00007fff31402000 	C:\WINDOWS\System32\IMM32.DLL
0x00007fff2b140000 - 0x00007fff2b14c000 	D:\java\bin\vcruntime140_1.dll
0x00007fff1d7b0000 - 0x00007fff1d83e000 	D:\java\bin\msvcp140.dll
0x00007ffead790000 - 0x00007ffeae36f000 	D:\java\bin\server\jvm.dll
0x00007fff33280000 - 0x00007fff33288000 	C:\WINDOWS\System32\PSAPI.DLL
0x00007fff179f0000 - 0x00007fff17a26000 	C:\WINDOWS\SYSTEM32\WINMM.dll
0x00007fff2b130000 - 0x00007fff2b13a000 	C:\WINDOWS\SYSTEM32\WSOCK32.dll
0x00007fff31340000 - 0x00007fff313c2000 	C:\WINDOWS\System32\WS2_32.dll
0x00007fff2f480000 - 0x00007fff2f49b000 	C:\WINDOWS\SYSTEM32\kernel.appcore.dll
0x00007fff221b0000 - 0x00007fff221ba000 	D:\java\bin\jimage.dll
0x00007fff2da80000 - 0x00007fff2dcc2000 	C:\WINDOWS\SYSTEM32\DBGHELP.DLL
0x00007fff31410000 - 0x00007fff31795000 	C:\WINDOWS\System32\combase.dll
0x00007fff31f50000 - 0x00007fff32029000 	C:\WINDOWS\System32\OLEAUT32.dll
0x00007fff13d10000 - 0x00007fff13d4b000 	C:\WINDOWS\SYSTEM32\dbgcore.DLL
0x00007fff309f0000 - 0x00007fff30a9c000 	C:\WINDOWS\System32\bcryptPrimitives.dll
0x00007fff1dac0000 - 0x00007fff1dace000 	D:\java\bin\instrument.dll
0x00007fff1e260000 - 0x00007fff1e285000 	D:\java\bin\java.dll
0x00007fff1d6d0000 - 0x00007fff1d7a7000 	D:\java\bin\jsvml.dll
0x00007fff32300000 - 0x00007fff32a88000 	C:\WINDOWS\System32\SHELL32.dll
0x00007fff2e260000 - 0x00007fff2eafb000 	C:\WINDOWS\SYSTEM32\windows.storage.dll
0x00007fff32c80000 - 0x00007fff32d79000 	C:\WINDOWS\System32\SHCORE.dll
0x00007fff33210000 - 0x00007fff33276000 	C:\WINDOWS\System32\shlwapi.dll
0x00007fff306f0000 - 0x00007fff30719000 	C:\WINDOWS\SYSTEM32\profapi.dll
0x00007fff1e220000 - 0x00007fff1e238000 	D:\java\bin\zip.dll
0x00007fff22190000 - 0x00007fff221a9000 	D:\java\bin\net.dll
0x00007fff262d0000 - 0x00007fff263f8000 	C:\WINDOWS\SYSTEM32\WINHTTP.dll
0x00007fff2fa10000 - 0x00007fff2fa7c000 	C:\WINDOWS\system32\mswsock.dll
0x00007fff1e240000 - 0x00007fff1e256000 	D:\java\bin\nio.dll
0x00007fff1dad0000 - 0x00007fff1dae0000 	D:\java\bin\verify.dll
0x00007fff1dd80000 - 0x00007fff1dda7000 	C:\Users\lam01\.gradle\native\1def1411415f61bf3af743bc5b6707747c0891f09f0c88961ee8f79bc544acac\windows-amd64\native-platform.dll
0x00007fff1bd50000 - 0x00007fff1bdc8000 	C:\Users\lam01\.gradle\native\0.2.7\x86_64-windows-gnu\gradle-fileevents.dll
0x00007fff1e2c0000 - 0x00007fff1e2ca000 	D:\java\bin\management.dll
0x00007fff1dde0000 - 0x00007fff1ddeb000 	D:\java\bin\management_ext.dll
0x00007fff2ee80000 - 0x00007fff2eeb3000 	C:\WINDOWS\SYSTEM32\IPHLPAPI.DLL
0x00007fff32c70000 - 0x00007fff32c7a000 	C:\WINDOWS\System32\NSI.dll
0x00007fff27020000 - 0x00007fff2703d000 	C:\WINDOWS\SYSTEM32\dhcpcsvc6.DLL
0x00007fff26880000 - 0x00007fff268a5000 	C:\WINDOWS\SYSTEM32\dhcpcsvc.DLL
0x00007fff2ef20000 - 0x00007fff2f078000 	C:\WINDOWS\SYSTEM32\DNSAPI.dll
0x00007fff2f830000 - 0x00007fff2f83d000 	C:\WINDOWS\SYSTEM32\DSPARSE.dll
0x00007fff2fe30000 - 0x00007fff2fe4b000 	C:\WINDOWS\SYSTEM32\CRYPTSP.dll
0x00007fff2f3e0000 - 0x00007fff2f419000 	C:\WINDOWS\system32\rsaenh.dll
0x00007fff2fac0000 - 0x00007fff2faf2000 	C:\WINDOWS\SYSTEM32\USERENV.dll
0x00007fff306c0000 - 0x00007fff306ea000 	C:\WINDOWS\SYSTEM32\bcrypt.dll
0x00007fff2fc70000 - 0x00007fff2fc7c000 	C:\WINDOWS\SYSTEM32\CRYPTBASE.dll
0x00007fff22150000 - 0x00007fff2215e000 	D:\java\bin\sunmscapi.dll
0x00007fff30ec0000 - 0x00007fff3103e000 	C:\WINDOWS\System32\CRYPT32.dll
0x00007fff2ffa0000 - 0x00007fff2ffd0000 	C:\WINDOWS\SYSTEM32\ncrypt.dll
0x00007fff2ff50000 - 0x00007fff2ff8f000 	C:\WINDOWS\SYSTEM32\NTASN1.dll
0x00007fff00a70000 - 0x00007fff00a78000 	C:\WINDOWS\system32\wshunix.dll

dbghelp: loaded successfully - version: 4.0.5 - missing functions: none
symbol engine: initialized successfully - sym options: 0x614 - pdb path: .;D:\java\bin;C:\WINDOWS\SYSTEM32;C:\WINDOWS\WinSxS\amd64_microsoft.windows.common-controls_6595b64144ccf1df_6.0.26100.8972_none_3e0da176e32f9d4b;D:\java\bin\server;C:\Users\lam01\.gradle\native\1def1411415f61bf3af743bc5b6707747c0891f09f0c88961ee8f79bc544acac\windows-amd64;C:\Users\lam01\.gradle\native\0.2.7\x86_64-windows-gnu

VM Arguments:
jvm_args: --add-opens=java.base/java.lang=ALL-UNNAMED --add-opens=java.base/java.lang.invoke=ALL-UNNAMED --add-opens=java.base/java.util=ALL-UNNAMED --add-opens=java.prefs/java.util.prefs=ALL-UNNAMED --add-exports=jdk.compiler/com.sun.tools.javac.api=ALL-UNNAMED --add-exports=jdk.compiler/com.sun.tools.javac.util=ALL-UNNAMED --add-opens=java.base/java.util=ALL-UNNAMED --add-opens=java.prefs/java.util.prefs=ALL-UNNAMED --add-opens=java.base/java.nio.charset=ALL-UNNAMED --add-opens=java.base/java.net=ALL-UNNAMED --add-opens=java.base/java.util.concurrent.atomic=ALL-UNNAMED --add-opens=java.xml/javax.xml.namespace=ALL-UNNAMED -XX:MaxMetaspaceSize=512m -XX:+HeapDumpOnOutOfMemoryError -Xmx4096m -Dfile.encoding=windows-1252 -Duser.country=US -Duser.language=en -Duser.variant -javaagent:C:\Users\lam01\.gradle\wrapper\dists\gradle-8.13-bin\5xuhj0ry160q40clulazy9h7d\gradle-8.13\lib\agents\gradle-instrumentation-agent-8.13.jar 
java_command: org.gradle.launcher.daemon.bootstrap.GradleDaemon 8.13
java_class_path (initial): C:\Users\lam01\.gradle\wrapper\dists\gradle-8.13-bin\5xuhj0ry160q40clulazy9h7d\gradle-8.13\lib\gradle-daemon-main-8.13.jar
Launcher Type: SUN_STANDARD

[Global flags]
     intx CICompilerCount                          = 4                                         {product} {ergonomic}
   size_t CompressedClassSpaceSize                 = 436207616                                 {product} {ergonomic}
     uint ConcGCThreads                            = 2                                         {product} {ergonomic}
     uint G1ConcRefinementThreads                  = 8                                         {product} {ergonomic}
   size_t G1HeapRegionSize                         = 2097152                                   {product} {ergonomic}
    uintx GCDrainStackTargetSize                   = 64                                        {product} {ergonomic}
     bool HeapDumpOnOutOfMemoryError               = true                                   {manageable} {command line}
   size_t InitialHeapSize                          = 268435456                                 {product} {ergonomic}
   size_t MarkStackSize                            = 4194304                                   {product} {ergonomic}
   size_t MaxHeapSize                              = 4294967296                                {product} {command line}
   size_t MaxMetaspaceSize                         = 536870912                                 {product} {command line}
   size_t MaxNewSize                               = 2575302656                                {product} {ergonomic}
   size_t MinHeapDeltaBytes                        = 2097152                                   {product} {ergonomic}
   size_t MinHeapSize                              = 8388608                                   {product} {ergonomic}
    uintx NonNMethodCodeHeapSize                   = 5839372                                {pd product} {ergonomic}
    uintx NonProfiledCodeHeapSize                  = 122909434                              {pd product} {ergonomic}
    uintx ProfiledCodeHeapSize                     = 122909434                              {pd product} {ergonomic}
    uintx ReservedCodeCacheSize                    = 251658240                              {pd product} {ergonomic}
     bool SegmentedCodeCache                       = true                                      {product} {ergonomic}
   size_t SoftMaxHeapSize                          = 4294967296                             {manageable} {ergonomic}
     bool UseCompressedClassPointers               = true                           {product lp64_product} {ergonomic}
     bool UseCompressedOops                        = true                           {product lp64_product} {ergonomic}
     bool UseG1GC                                  = true                                      {product} {ergonomic}
     bool UseLargePagesIndividualAllocation        = false                                  {pd product} {ergonomic}

Logging:
Log output configuration:
 #0: stdout all=warning uptime,level,tags
 #1: stderr all=off uptime,level,tags

Environment Variables:
PATH=C:/Users/lam01/.gemini/antigravity/bin;C:\Users\lam01\AppData\Roaming\Antigravity\bin;C:\Program Files\NVIDIA GPU Computing Toolkit\CUDA\v11.8\bin;C:\Program Files\NVIDIA GPU Computing Toolkit\CUDA\v11.8\libnvvp;;;;C:\Program Files\NVIDIA GPU Computing Toolkit\CUDA\v11.2\libnvvm\bin;C:\Program Files\Common Files\Oracle\Java\javapath;C:\WINDOWS\system32;C:\WINDOWS;C:\WINDOWS\System32\Wbem;C:\WINDOWS\System32\WindowsPowerShell\v1.0\;C:\WINDOWS\System32\OpenSSH\;D:\Git\cmd;C:\ProgramData\chocolatey\bin;D:\Graphviz\bin;C:\Program Files\NVIDIA GPU Computing Toolkit\CUDA\v11.2\include;C:\Program Files\NVIDIA GPU Computing Toolkit\CUDA\v11.2\lib\x64;C:\Program Files\NVIDIA GPU Computing Toolkit\cuDNN\v8.1\bin;C:\Program Files\dotnet\;C:\Program Files\NVIDIA Corporation\Nsight Compute 2022.3.0\;C:\Program Files (x86)\NVIDIA Corporation\PhysX\Common;C:\Program Files\NVIDIA Corporation\NVIDIA NvDLISR;C:\Program Files (x86)\Windows Kits\10\Windows Performance Toolkit\;C:\Program Files\Docker\Docker\resources\bin;C:\Program Files\nodejs\;D:\Anaconda;D:\Anaconda\Library\mingw-w64\bin;D:\Anaconda\Library\usr\bin;D:\Anaconda\Library\bin;D:\Anaconda\Scripts;C:\Users\lam01\AppData\Local\Microsoft\WindowsApps;D:\MiKTeX\miktex\bin\x64\;C:\Users\lam01\AppData\Local\Android\Sdk\platform-tools;D:\IntelliJ IDEA Community Edition 2023.1.2\bin;D:\CMake\bin;D:\java\bin;C:\msys64\mingw64\bin;C:\Users\lam01\.dotnet\tools;D:\Postgres\bin;C:\Users\lam01\.lmstudio\bin;C:\Users\lam01\.dotnet\tools;C:\msys64\usr\bin;C:\Program Files (x86)\Dr. Memory\bin\;C:\Users\lam01\AppData\Local\Programs\Ollama;D:\rclone;D:\Microsoft VS Code\bin;D:\Antigravity IDE\bin;D:\Google Cloud\google-cloud-sdk\bin;D:\Linux\;C:\Users\lam01\AppData\Roaming\npm;C:\Users\lam01\AppData\Local\Microsoft\WinGet\Links;
USERNAME=lam01
OS=Windows_NT
PROCESSOR_IDENTIFIER=Intel64 Family 6 Model 142 Stepping 12, GenuineIntel



---------------  S Y S T E M  ---------------

OS:
 Windows 11 , 64 bit Build 26100 (10.0.26100.9168)
OS uptime: 0 days 1:42 hours
Hyper-V role detected

CPU: total 8 (initial active 8) (4 cores per cpu, 2 threads per core) family 6 model 142 stepping 12 microcode 0xfe, cx8, cmov, fxsr, ht, mmx, 3dnowpref, sse, sse2, sse3, ssse3, sse4.1, sse4.2, popcnt, lzcnt, tsc, tscinvbit, avx, avx2, aes, erms, clmul, bmi1, bmi2, adx, fma, vzeroupper, clflush, clflushopt, hv

Memory: 4k page, system-wide physical 16259M (749M free)
TotalPageFile size 24451M (AvailPageFile size 26M)
current process WorkingSet (physical memory assigned to process): 1474M, peak: 1493M
current process commit charge ("private bytes"): 1693M, peak: 1695M

vm_info: Java HotSpot(TM) 64-Bit Server VM (17.0.10+11-LTS-240) for windows-amd64 JRE (17.0.10+11-LTS-240), built on Dec 19 2023 21:47:25 by "mach5one" with MS VC++ 17.1 (VS2022)

END.
